message,label,prediction
&lt;#&gt;  mins but i had to stop somewhere first.,0,0.0
gonna let me know cos comes bak from holiday that day.  is coming. Don't4get2text me  number.,0,0.0
"says that he's quitting at least5times a day so i wudn't take much notice of that. Nah, she didn't mind. Are you gonna see him again? Do you want to come to taunton tonight? U can tell me all about !",0,0.0
"\"7 wonders in My WORLD 7th You 6th Ur style 5th Ur smile 4th Ur Personality 3rd Ur Nature 2nd Ur SMS and 1st \\Ur Lovely Friendship\"\"... good morning dear\"\"\"",0,0.0
"\"Awesome question with a cute answer: Someone asked a boy \\how is ur life?\"\" . . He smiled &amp; answered: . . \\\"\"She is fine!\\\"\" Gudnite\"\"\"",0,0.0
"\"Beautiful Truth against Gravity.. Read carefully: \\Our heart feels light when someone is in it.. But it feels very heavy when someone leaves it..\"\" GOODMORNING\"\"\"",0,0.0
"\"Feb  &lt;#&gt;  is \\I LOVE U\"\" day. Send dis to all ur \\\"\"VALUED FRNDS\\\"\" evn me. If 3 comes back u'll gt married d person u luv! If u ignore dis u will lose ur luv 4 Evr\"\"\"",0,0.0
"\"Height of \\Oh shit....!!\"\" situation: A guy throws a luv letter on a gal but falls on her brothers head whos a gay\".;-):-D\"\"",0,0.0
"\"Storming msg: Wen u lift d phne, u say \\HELLO\"\" Do u knw wt is d real meaning of HELLO?? . . . It's d name of a girl..! . . . Yes.. And u knw who is dat girl?? \\\"\"Margaret Hello\\\"\" She is d girlfrnd f Grahmbell who invnted telphone... . . . . Moral:One can 4get d name of a person\" bt not his girlfrnd... G o o d n i g h t . . .@\"\"",0,0.0
"\"Storming msg: Wen u lift d phne, u say \\HELLO\"\" Do u knw wt is d real meaning of HELLO?? . . . It's d name of a girl..! . . . Yes.. And u knw who is dat girl?? \\\"\"Margaret Hello\\\"\" She is d girlfrnd f Grahmbell who invnted telphone... . . . . Moral:One can 4get d name of a person\" bt not his girlfrnd... G o o d n i g h t . . .@\"\"",0,0.0
"\"Superb Thought- \\Be grateful that u dont have everything u want. That means u still have an opportunity to be happier tomorrow than u are today.\"\":-)\"\"\"",0,0.0
"\"The word \\Checkmate\"\" in chess comes from the Persian phrase \\\"\"Shah Maat\\\"\" which means; \\\"\"the king is dead..\\\"\" Goodmorning.. Have a good day..:)\"\"\"",0,1.0
"\"Today is \\song dedicated day..\"\" Which song will u dedicate for me? Send this to all ur valuable frnds but first rply me...\"\"\"",0,0.0
"\"What part of \\don't initiate\"\" don't you understand\"\"\"",0,1.0
"\"\\Happy valentines day\"\" I know its early but i have hundreds of handsomes and beauties to wish. So i thought to finish off aunties and uncles 1st...\"\"\"",0,1.0
&lt;#&gt;  am I think? Should say on syllabus,0,0.0
"'Wnevr i wana fal in luv vth my books, My bed fals in luv vth me..!'' . Yen madodu, nav pretsorginta, nammanna pretsovru important alwa....!!:) Gud eveB-).",0,0.0
1 I don't have her number and 2 its gonna be a massive pain in the ass and i'd rather not get involved if that's possible,0,1.0
"2 celebrate my b��day, y else?",0,1.0
2mro i am not coming to gym machan. Goodnight.,0,1.0
3 pa but not selected.,0,0.0
4 oclock at mine. Just to bash out a flat plan.,0,1.0
:-) :-),0,1.0
";-( oh well, c u later",0,0.0
Aah! A cuddle would be lush! I'd need lots of tea and soup before any kind of fumbling!,0,0.0
Actually i'm waiting for 2 weeks when they start putting ad.,0,0.0
After completed degree. There is no use in joining finance.,0,0.0
Ah you see. You have to be in the lingo. I will let you know wot on earth it is when has finished making it!,0,0.0
Ahhh. Work. I vaguely remember that! What does it feel like? Lol,0,0.0
Aight well keep me informed,0,0.0
"Aight, I'll hit you up when I get some cash",0,0.0
Aiyah ok wat as long as got improve can already wat...,0,0.0
Aiyar u so poor thing... I give u my support k... Jia you! I'll think of u...,0,0.0
"Aldrine, rakhesh ex RTM here.pls call.urgent.",0,1.0
"All done, all handed in. Don't know if mega shop in asda counts as celebration but thats what i'm doing!",0,0.0
"Alright we'll bring it to you, see you in like  &lt;#&gt;  mins",0,0.0
Also remember to get dobby's bowl from your car,0,1.0
Also where's the piece,0,0.0
Am also doing in cbe only. But have to pay.,0,0.0
Am i that much bad to avoid like this?,0,0.0
Am in gobi arts college,0,0.0
Am not working but am up to eyes in philosophy so will text u later when a bit more free for chat...,0,0.0
And miss vday the parachute and double coins??? U must not know me very well...,0,0.0
And pls pls drink plenty plenty water,0,0.0
And popping &lt;#&gt; ibuprofens was no help.,0,0.0
"And that's fine, I got enough bud to last most of the night at least",0,0.0
And whenever you and i see we can still hook up too.,0,0.0
Anything lor is she coming?,0,0.0
Anything lor... U decide...,0,0.0
Appt is at &lt;TIME&gt; am. Not my fault u don't listen. I told u twice,0,0.0
Are you available for soiree on June 3rd?,0,0.0
Are you coming to day for class.,0,0.0
Are you going to write ccna exam this week??,0,0.0
Are you staying in town ?,0,0.0
Arun can u transfr me d amt,0,0.0
As per your request 'Maangalyam (Alaipayuthe)' has been set as your callertune for all Callers. Press *9 to copy your friends Callertune,0,0.0
"As usual..iam fine, happy &amp; doing well..:)",0,0.0
At what time are you coming.,0,0.0
Ay wana meet on sat?�_ wkg on sat?,0,1.0
Babe ? I lost you ... :-(,0,0.0
Back in brum! Thanks for putting us up and keeping us all and happy. See you soon,0,0.0
Badrith is only for chennai:)i will surely pick for us:)no competition for him.,0,0.0
Becoz its  &lt;#&gt;  jan whn al the post ofice is in holiday so she cn go fr the post ofice...got it duffer,0,0.0
"Bill, as in: Are there any letters for me. i�۪m expecting one from orange that isn�۪t a bill but may still say orange on it.",0,0.0
"Bloody hell, cant believe you forgot my surname Mr . Ill give u a clue, its spanish and begins with m...",0,0.0
Boo what time u get out? U were supposed to take me shopping today. :(,0,0.0
Bugis oso near wat...,0,0.0
But i juz remembered i gotta bathe my dog today..,0,0.0
But i'm really really broke oh. No amount is too small even  &lt;#&gt;,0,0.0
But my family not responding for anything. Now am in room not went to home for diwali but no one called me and why not coming. It makes me feel like died.,0,0.0
But that's on ebay it might be less elsewhere.,0,0.0
Buy one egg for me da..please:),0,0.0
"By the way, 'rencontre' is to meet again. Mountains dont....",0,0.0
Cab is available.they pick up and drop at door steps.,0,0.0
"Call me, i am senthil from hsbc.",0,0.0
"Call me. I m unable to cal. Lets meet bhaskar, and deep",0,0.0
"Camera quite good, 10.1mega pixels, 3optical and 5digital dooms. Have a lovely holiday, be safe and i hope you hav a good journey! Happy new year to you both! See you in a couple of weeks!",0,0.0
Can i get your opinion on something first?,0,0.0
Can i meet �_ at 5.. As 4 where depends on where �_ wan 2 in lor..,0,0.0
Can not use foreign stamps in this country.,0,0.0
Can u look 4 me in da lib i got stuff havent finish yet.,0,0.0
Can you call me plz. Your number shows out of coveragd area. I have urgnt call in vasai &amp; have to reach before 4'o clock so call me plz,0,0.0
Can �_ send me a copy of da report?,0,0.0
Carlos says he'll be at mu in  &lt;#&gt;  minutes,0,0.0
Cbe is really good nowadays:)lot of shop and showrooms:)city is shaping good.,0,0.0
Check audrey's status right now,0,0.0
"Come round, it's .",0,0.0
"Come to mu, we're sorting out our narcotics situation",0,0.0
Compliments to you. Was away from the system. How your side.,0,0.0
Congrats ! Treat pending.i am not on mail for 2 days.will mail once thru.Respect mother at home.check mails.,0,0.0
Congrats. That's great. I wanted to tell you not to tell me your score cos it might make me relax. But its motivating me so thanks for sharing,0,0.0
"Cool, I'll text you in a few",0,0.0
"Cool, text me when you head out",0,0.0
"Cool, text me when you're ready",0,0.0
Cool. Do you like swimming? I have a pool and jacuzzi at my house.,0,0.0
Cos i want it to be your thing,0,0.0
Cuz ibored. And don wanna study,0,0.0
Da my birthdate in certificate is in april but real date is today. But dont publish it. I shall give you a special treat if you keep the secret. Any way thanks for the wishes,0,0.0
Dare i ask... Any luck with sorting out the car?,0,1.0
Dear :-/ why you mood off. I cant drive so i brother to drive,0,0.0
"Dear all, as we know  &lt;#&gt; th is the  &lt;#&gt; th birthday of our loving Gopalettan. We are planning to give a small gift on that day. Those who like to participate in that you are welcome. Please contact our admin team for more details",0,0.0
"Dear friends, sorry for the late information. Today is the birthday of our loving Ar.Praveesh. for more details log on to face book and see. Its his number + &lt;#&gt; . Dont miss a delicious treat.",0,0.0
Dear i am not denying your words please,0,0.0
Dear umma she called me now :-),0,0.0
Dear where you will be when i reach there,0,0.0
"Dear,Me at cherthala.in case u r coming cochin pls call bfore u start.i shall also reach accordingly.or tell me which day u r coming.tmorow i am engaged ans its holiday.",0,0.0
"Depends on quality. If you want the type i sent boye, faded glory, then about 6. If you want ralphs maybe 2",0,0.0
Did u download the fring app?,0,0.0
Did u find a sitter for kaitlyn? I was sick and slept all day yesterday.,0,0.0
Did u fix the teeth?if not do it asap.ok take care.,0,0.0
Discussed with your mother ah?,0,1.0
"Ditto. And you won't have to worry about me saying ANYTHING to you anymore. Like i said last night, you do whatever you want and i'll do the same. Peace.",0,0.0
Do u konw waht is rael FRIENDSHIP Im gving yuo an exmpel: Jsut ese tihs msg.. Evrey splleing of tihs msg is wrnog.. Bt sitll yuo can raed it wihtuot ayn mitsake.. GOODNIGHT &amp; HAVE A NICE SLEEP..SWEET DREAMS..,0,0.0
Do u still have plumbers tape and a wrench we could borrow?,0,0.0
Do you always celebrate NY's with your family ?,0,0.0
Do you know what Mallika Sherawat did yesterday? Find out now @  &lt;URL&gt;,0,0.0
"Do you know why god created gap between your fingers..? So that, One who is made for you comes &amp; fills those gaps by holding your hand with LOVE..!",0,1.0
Do you want bold 2 or bb torch,0,0.0
"Doing nothing, then u not having dinner w us?",0,0.0
Don know..wait i will check it.,0,0.0
Don no da:)whats you plan?,0,0.0
Don't look back at the building because you have no coat and i don't want you to get more sick. Just hurry home and wear a coat to the gym!!!,0,0.0
Dont hesitate. You know this is the second time she has had weakness like that. So keep i notebook of what she eat and did the day before or if anything changed the day before so that we can be sure its nothing,0,0.0
Dont think you need yellow card for uk travel. Ask someone that has gone before. If you do its just  &lt;#&gt; bucks,0,0.0
Dude avatar 3d was imp. At one point i thought there were actually flies in the room and almost tried hittng one as a reflex,0,0.0
Dude while were makin those weirdy brownies my sister made awesome cookies. I took pics.,0,0.0
Dun b sad.. It's over.. Dun thk abt it already. Concentrate on ur other papers k.,0,0.0
Dunno da next show aft 6 is 850. Toa payoh got 650.,0,0.0
Dunno leh cant remember mayb lor. So wat time r we meeting tmr?,0,0.0
Dunno lei... I might b eatin wif my frens... If �_ wan to eat then i wait 4 �_ lar,0,0.0
Easy ah?sen got selected means its good..,0,0.0
"Ela kano.,il download, come wen ur free..",0,0.0
"Er, hello, things didn���t quite go to plan ��� is limping slowly home followed by aa and with exhaust hanging off",0,0.0
Erm. I thought the contract ran out the4th of october.,0,0.0
"Especially since i talk about boston all up in my personal statement, lol! I woulda changed that if i had realized it said nyc! It says boston now.",0,0.0
Even if he my friend he is a priest call him now,0,0.0
Even my brother is not like to speak with me. They treat me like aids patent.,0,0.0
Every day i use to sleep after  &lt;#&gt;  so only.,0,0.0
Fffff. Can you text kadeem or are you too far gone,0,1.0
Ffffffffff. Alright no way I can meet up with you sooner?,0,0.0
Finished class where are you.,0,0.0
For The First Time In The History 'Need' 'Comfort' And 'Luxury' Are Sold At Same Price In India..!! Onion-Rs. &lt;#&gt;  Petrol-Rs. &lt;#&gt;  Beer-Rs. &lt;#&gt;  SHESIL  &lt;#&gt;,0,0.0
For many things its an antibiotic and it can be used for chest abdomen and gynae infections even bone infections.,0,0.0
"For you information, IKEA is spelled with all caps. That is not yelling. when you thought i had left you, you were sitting on the bed among the mess when i came in. i said we were going after you got home from class. please don't try and bullshit me. It makes me want to listen to you less.",0,0.0
"Forgot it takes me 3 years to shower, sorry. Where you at/your phone dead yet?",0,0.0
"Friendship is not a game to play, It is not a word to say, It doesn\\'t start on March and ends on May, It is tomorrow, yesterday, today and e",0,0.0
From someone not to smoke when every time I've smoked in the last two weeks is because of you calling or texting me that you wanted to smoke,0,0.0
Fuck babe ... What happened to you ? How come you never came back?,0,0.0
Gain the rights of a wife.dont demand it.i am trying as husband too.Lets see,0,0.0
Genius what's up. How your brother. Pls send his number to my skype.,0,0.0
Get me out of this dump heap. My mom decided to come to lowes. BORING.,0,0.0
"Give her something to drink, if she takes it and doesn't vomit then you her temp might drop. If she unmits however let me know.",0,0.0
Glad it went well :) come over at 11 then we'll have plenty of time before claire goes to work.,0,0.0
God's love has no limit. God's grace has no measure. God's power has no boundaries. May u have God's endless blessings always in ur life...!! Gud ni8,0,0.0
Good Morning my Dear........... Have a great &amp; successful day.,0,0.0
"Good afternoon sunshine! How dawns that day ? Are we refreshed and happy to be alive? Do we breathe in the air and smile ? I think of you, my love ... As always",0,0.0
"Good afternoon, my love! How goes that day ? I hope maybe you got some leads on a job. I think of you, boytoy and send you a passionate kiss from across the sea",0,0.0
"Good afternoon, my love. How goes your day ? What are you up to ? I woke early and am online waiting for you ... Hmmm ... Italian boy is online I see . *grins*",0,0.0
Good evening! How are you?,0,0.0
Good sleep is about rhythm. The person has to establish a rhythm that the body will learn and use. If you want to know more :-),0,0.0
"Good stuff, will do.",0,0.0
Good. do you think you could send me some pix? I would love to see your top and bottom...,0,0.0
Goodmorning sleeping ga.,0,1.0
"Goodmorning, today i am late for  &lt;DECIMAL&gt; min.",0,0.0
"Goodmorning, today i am late for 2hrs. Because of back pain.",0,0.0
Goodnight da thangam I really miss u dear.,0,0.0
"Goodnight, sleep well da please take care pa. Please.",0,0.0
Got but got 2 colours lor. One colour is quite light n e other is darker lor. Actually i'm done she's styling my hair now.,0,0.0
"Got ur mail Dileep.thank you so muchand look forward to lots of support...very less contacts here,remember one venugopal you mentioned.tomorrow if not late,i shall try to come up till there.goodnight dear.",0,0.0
Great! How is the office today?,0,0.0
Great! I hope you like your man well endowed. I am  &lt;#&gt;  inches...,0,0.0
Great. Have a safe trip. Dont panic surrender all.,0,0.0
"Gud gud..k, chikku tke care.. sleep well gud nyt",0,0.0
Gud mrng dear hav a nice day,0,0.0
Gud ni8 dear..slp well..take care..swt dreams..Muah..,0,0.0
"Gumby's has a special where a  &lt;#&gt; \\ cheese pizza is $2 so I know what we're doin tonight\"\"",0,0.0
HEY GIRL. HOW R U? HOPE U R WELL ME AN DEL R BAK! AGAIN LONG TIME NO C! GIVE ME A CALL SUM TIME FROM LUCYxx,0,0.0
HEY MATE! HOWS U HONEY?DID U AVE GOOD HOLIDAY? GIMMI DE GOSS!x,0,0.0
HI DARLIN I FINISH AT 3 DO U 1 2 PICK ME UP OR MEET ME? TEXT BACK ON THIS NUMBER LUV KATE XXX,0,0.0
HIYA COMIN 2 BRISTOL 1 ST WEEK IN APRIL. LES GOT OFF + RUDI ON NEW YRS EVE BUT I WAS SNORING.THEY WERE DRUNK! U BAK AT COLLEGE YET? MY WORK SENDS INK 2 BATH.,0,0.0
HIYA STU WOT U UP 2.IM IN SO MUCH TRUBLE AT HOME AT MOMENT EVONE HATES ME EVEN U! WOT THE HELL AV I DONE NOW? Y WONT U JUST TELL ME TEXT BCK PLEASE LUV DAN,0,0.0
Ha ha - had popped down to the loo when you hello-ed me. Hello!,0,0.0
Ha ha cool cool chikku chikku:-):-DB-),0,0.0
"Ha. You don���t know either. I did a a clever but simple thing with pears the other day, perfect for christmas.",0,0.0
Haha i think i did too,0,0.0
"Haha, my legs and neck are killing me and my amigos are hoping to end the night with a burn, think I could swing by in like an hour?",0,0.0
Haha... Hope �_ can hear the receipt sound... Gd luck!,0,0.0
"Haha... Where got so fast lose weight, thk muz go 4 a month den got effect... Gee,later we go aust put bk e weight.",0,0.0
Haha... Yup hopefully  we will lose a few kg by mon. after hip hop can go orchard and weigh again,0,0.0
Happy New Year Princess!,0,1.0
Happy New year my dear brother. I really do miss you. Just got your number and decided to send you this text wishing you only happiness. Abiola,0,0.0
Happy birthday... May all ur dreams come true...,0,0.0
Happy new year to u too!,0,1.0
"Have a lovely night and when you wake up to see this message, i hope you smile knowing all is as should be. Have a great morning",0,0.0
Have a nice day my dear.,0,0.0
Have a safe trip to Nigeria. Wish you happiness and very soon company to share moments with,0,0.0
Have you always been saying welp?,0,0.0
Have you bookedthe hut? And also your time off? How are you by the way?,0,0.0
Have you finished work yet? :),0,0.0
Have you heard about that job? I'm going to that wildlife talk again tonight if u want2come. Its that2worzels and a wizzle or whatever it is?!,0,0.0
Have you seen who's back at Holby?!,0,0.0
Have you started in skye,0,0.0
Haven't left yet so probably gonna be here til dinner,0,0.0
"Haven't seen my facebook, huh? Lol!",0,0.0
Havent planning to buy later. I check already lido only got 530 show in e afternoon. U finish work already?,0,0.0
He neva grumble but i sad lor... Hee... Buy tmr lor aft lunch. But we still meetin 4 lunch tmr a not. Neva hear fr them lei. �� got a lot of work ar?,0,0.0
He said i look pretty wif long hair wat. But i thk he's cutting quite short 4 me leh.,0,0.0
He says he'll give me a call when his friend's got the money but that he's definitely buying before the end of the week,0,0.0
Hello beautiful r u ok? I've kinda ad a row wiv and he walked out the pub?? I wanted a night wiv u Miss u,0,0.0
Hello handsome ! Are you finding that job ? Not being lazy ? Working towards getting back that net for mummy ? Where's my boytoy now ? Does he miss me ?,0,0.0
Hey come online! Use msn... We are all there,0,0.0
Hey company elama po mudyadhu.,0,0.0
Hey do you want anything to buy:),0,0.0
Hey gorgeous man. My work mobile number is. Have a good one babe. Squishy Mwahs.,0,0.0
Hey happy birthday...,0,0.0
Hey i will be late ah... Meet you at 945+,0,0.0
Hey i've booked the 2 lessons on sun liao...,0,0.0
Hey leave it. not a big deal:-) take care.,0,0.0
Hey morning what you come to ask:-) pa...,0,0.0
Hey mr whats the name of that bill brison book the one about language and words,0,0.0
Hey next sun 1030 there's a basic yoga course... at bugis... We can go for that... Pilates intro next sat.... Tell me what time you r free,0,0.0
Hey no I ad a crap nite was borin without ya 2 boggy with me u boring biatch! Thanx but u wait til nxt time il ave ya,0,0.0
Hey we can go jazz power yoga hip hop kb and yogasana,0,0.0
Hey what happen de. Are you alright.,0,0.0
Hey you around? I've got enough for a half + the ten I owe you,0,0.0
"Hey. What happened? U switch off ur cell d whole day. This isnt good. Now if u do care, give me a call tomorrow.",0,0.0
"Hi Jon, Pete here, Ive bin 2 Spain recently & hav sum dinero left, Bill said u or ur ��rents mayb interested in it, I hav 12,000pes, so around �48, tb, James.",0,0.0
Hi dear we saw dear. We both are happy. Where you my battery is low,0,0.0
Hi di is yijue we're meeting at 7 pm at esaplanade tonight.,0,0.0
Hi did u decide wot 2 get 4 his bday if not ill prob jus get him a voucher frm virgin or sumfing,0,0.0
"Hi hope u get this txt~journey hasnt been gd,now about 50 mins late I think.",0,0.0
Hi juan. Im coming home on fri hey. Of course i expect a welcome party and lots of presents. Ill phone u when i get back. Loads of love nicky x x x x x x x x x,0,1.0
Hi mom we might be back later than  &lt;#&gt;,0,0.0
"Hi the way I was with u 2day, is the normal way&this is the real me. UR unique&I hope I know u 4 the rest of mylife. Hope u find wot was lost.",0,0.0
Hi. Happy New Year. I dont mean to intrude but can you pls let me know how much tuition you paid last semester and how much this semester is. Thanks,0,0.0
Hi. I'm sorry i missed your call. Can you pls call back.,0,0.0
"Hi. Wk been ok - on hols now! Yes on for a bit of a run. Forgot that i have hairdressers appointment at four so need to get home n shower beforehand. Does that cause prob for u?\"",0,0.0
Hi.:)technical support.providing assistance to us customer through call and email:),0,0.0
His frens go then he in lor. Not alone wif my mum n sis lor.,0,0.0
Hiya do u like the hlday pics looked horrible in them so took mo out! Hows the camp Amrca thing? Speak soon Serena:),0,0.0
Hmm...Bad news...Hype park plaza $700 studio taken...Only left 2 bedrm-$900...,0,0.0
Hmm...my uncle just informed me that he's paying the school directly. So pls buy food.,0,0.0
"Hmmm ... I thought we said 2 hours slave, not 3 ... You are late ... How should I punish you ?",0,0.0
"Hmmm.... Mayb can try e shoppin area one, but forgot e name of hotel...",0,0.0
Home so we can always chat,0,0.0
Hope you��re not having too much fun without me!! see u tomorrow love jess x,0,0.0
Horrible bf... I now v hungry...,0,0.0
Host-based IDPS for linux systems.,0,0.0
"House-Maid is the murderer, coz the man was murdered on  &lt;#&gt; th January.. As public holiday all govt.instituitions are closed,including post office..",0,0.0
"House-Maid is the murderer, coz the man was murdered on  &lt;#&gt; th January.. As public holiday all govt.instituitions are closed,including post office..understand?",0,0.0
How come guoyang go n tell her? Then u told her?,0,0.0
How come i din c �_... Yup i cut my hair...,0,0.0
How did you find out in a way that didn't include all of these details,0,0.0
"How is my boy? No sweet words left for me this morning ... *sighs* ... How goes you day, my love ? Did you start your studying?",0,0.0
How much it will cost approx . Per month.,0,0.0
How stupid to say that i challenge god.You dont think at all on what i write instead you respond immed.,0,0.0
How's it feel? Mr. Your not my real Valentine just my yo Valentine even tho u hardly play!!,0,0.0
How's it going? Got any exciting karaoke type activities planned? I'm debating whether to play football this eve. Feeling lazy though.,0,0.0
Howz that persons story,0,0.0
Huh but i cant go 2 ur house empty handed right?,0,0.0
I absolutely LOVE South Park! I only recently started watching the office.,0,0.0
I also thk too fast... Xy suggest one not me. U dun wan it's ok. Going 2 rain leh where got gd.,0,0.0
I am getting threats from your sales executive Shifad as i raised complaint against him. Its an official message.,0,0.0
I am great princess! What are you thinking about me? :),0,0.0
I am in escape theatre now. . Going to watch KAVALAN in a few minutes,0,0.0
"I am in tirupur da, once you started from office call me.",0,0.0
I am late. I will be there at,0,0.0
I am not sure about night menu. . . I know only about noon menu,0,0.0
"I am real, baby! I want to bring out your inner tigress...",0,0.0
I borrow ur bag ok.,0,0.0
"I call you later, don't have network. If urgnt, sms me.",0,0.0
"I call you later, don't have network. If urgnt, sms me.",0,0.0
I came hostel. I m going to sleep. Plz call me up before class. Hrishi.,0,0.0
I can do that! I want to please you both inside and outside the bedroom...,0,1.0
"I can probably come by, everybody's done around  &lt;#&gt;  right?",0,0.0
I can take you at like noon,0,0.0
I can't make it tonight,0,0.0
I cant keep talking to people if am not sure i can pay them if they agree to price. So pls tell me what you want to really buy and how much you are willing to pay,0,0.0
I cant pick the phone right now. Pls send a message,0,0.0
I cant pick the phone right now. Pls send a message,0,0.0
I cant pick the phone right now. Pls send a message,0,0.0
I cant pick the phone right now. Pls send a message,0,0.0
I cant pick the phone right now. Pls send a message,0,0.0
I cant wait to see you! How were the photos were useful? :),0,0.0
"I don't think I can get away for a trek that long with family in town, sorry",0,0.0
I donno if they are scorable,0,0.0
I dont have any of your file in my bag..i was in work when you called me.i 'll tell you if i find anything in my room.,0,0.0
I dont thnk its a wrong calling between us,0,0.0
I doubt you could handle 5 times per night in any case...,0,1.0
I dunno until when... Lets go learn pilates...,0,0.0
I got a call from a landline number. . . I am asked to come to anna nagar . . . I will go in the afternoon,0,0.0
I got a call from a landline number. . . I am asked to come to anna nagar . . . I will go in the afternoon,0,0.0
I gotta collect da car at 6 lei.,0,0.0
I had askd u a question some hours before. Its answer,0,0.0
"I had been hoping i would not have to send you this message. My rent is due and i dont have enough for it. My reserves are completely gone. Its a loan i need and was hoping you could her. The balance is  &lt;#&gt; . Is there a way i could get that from you, till mid march when i hope to pay back.",0,0.0
"I have 2 sleeping bags, 1 blanket and paper and  phone details. Anything else?",0,0.0
I havent lei.. Next mon can?,0,0.0
I know but you need to get hotel now. I just got my invitation but i had to apologise. Cali is to sweet for me to come to some english bloke's weddin,0,0.0
I know she called me,0,0.0
"I know where the  &lt;#&gt;  is, I'll be there around 5",0,0.0
I know you are serving. I mean what are you doing now.,0,0.0
I know! Grumpy old people. My mom was like you better not be lying. Then again I am always the one to play jokes...,0,0.0
I liked your new house,0,0.0
I lost 4 pounds since my doc visit last week woot woot! Now I'm gonna celebrate by stuffing my face!,0,0.0
I luv u soo much u don��t understand how special u r 2 me ring u 2morrow luv u xxx,0,0.0
"I noe la... U wana pei bf oso rite... K lor, other days den...",0,0.0
I only work from mon to thurs but Sat i cant leh... Booked liao... Which other day u free?,0,0.0
I re-met alex nichols from middle school and it turns out he's dealing!,0,0.0
I send the print  outs da.,0,0.0
"I sent my scores to sophas and i had to do secondary application for a few schools. I think if you are thinking of applying, do a research on cost also. Contact joke ogunrinde, her school is one me the less expensive ones",0,0.0
I sent them. Do you like?,0,0.0
I sent your maga that money yesterday oh.,0,0.0
I take it the post has come then! You must have 1000s of texts now! Happy reading. My one from wiv hello caroline at the end is my favourite. Bless him,0,0.0
I take it we didn't have the phone callon Friday. Can we assume we won't have it this year now?,0,0.0
"I think I���m waiting for the same bus! Inform me when you get there, if you ever get there.",0,0.0
I think it's all still in my car,0,0.0
I think its far more than that but find out. Check google maps for a place from your dorm.,0,0.0
I think you should go the honesty road. Call the bank tomorrow. Its the tough decisions that make us great people.,0,0.0
I thk 530 lor. But dunno can get tickets a not. Wat u doing now?,0,0.0
I thk �_ gotta go home by urself. Cos i'll b going out shopping 4 my frens present.,0,0.0
I told that am coming on wednesday.,0,0.0
I walked an hour 2 c u! doesn��t that show I care y wont u believe im serious?,0,0.0
I want kfc its Tuesday. Only buy 2 meals ONLY 2. No gravy. Only 2 Mark. 2!,0,1.0
I want to send something that can sell fast.  &lt;#&gt; k is not easy money.,0,0.0
I want to sent  &lt;#&gt; mesages today. Thats y. Sorry if i hurts,0,0.0
I want to tel u one thing u should not mistake me k THIS IS THE MESSAGE THAT YOU SENT:),0,0.0
I want to tell you how bad I feel that basically the only times I text you lately are when I need drugs,0,0.0
I was just callin to say hi. Take care bruv!,0,0.0
I was wondering if it would be okay for you to call uncle john and let him know that things are not the same in nigeria as they r here. That  &lt;#&gt;  dollars is 2years sent and that you know its a strain but i plan to pay back every dime he gives. Every dime so for me to expect anything from you is not practical. Something like that.,0,0.0
I will be outside office take all from there,0,0.0
I will lick up every drop :) are you ready to use your mouth as well?,0,0.0
I will reach ur home in  &lt;#&gt;  minutes,0,0.0
I will send them to your email. Do you mind  &lt;#&gt;  times per night?,0,0.0
I will take care of financial problem.i will help:),0,0.0
I wish u were here. I feel so alone,0,0.0
I wnt to buy a BMW car urgently..its vry urgent.but hv a shortage of  &lt;#&gt; Lacs.there is no source to arng dis amt. &lt;#&gt; lacs..thats my prob,0,0.0
I wnt to buy a BMW car urgently..its vry urgent.but hv a shortage of  &lt;#&gt; Lacs.there is no source to arng dis amt. &lt;#&gt; lacs..thats my prob,0,0.0
I would but I'm still cozy. And exhausted from last night.nobody went to school or work. Everything is closed.,0,0.0
I'll be at mu in like  &lt;#&gt;  seconds,0,0.0
I'll be in sch fr 4-6... I dun haf da book in sch... It's at home...,0,0.0
I'll pick you up at about 5.15pm to go to taunton if you still want to come.,0,0.0
"I'll text carlos and let you know, hang on",0,0.0
"I'm a guy, browsin is compulsory",0,0.0
I'm always on yahoo messenger now. Just send the message to me and i.ll get it you may have to send it in the mobile mode sha but i.ll get it. And will reply.,0,0.0
I'm at work. Please call,0,0.0
I'm awake oh. What's up.,0,0.0
I'm coming back on Thursday. Yay. Is it gonna be ok to get the money. Cheers. Oh yeah and how are you. Everything alright. Hows school. Or do you call it work now,0,0.0
I'm done oredi...,0,0.0
I'm e person who's doing e sms survey...,0,0.0
I'm fine. Hope you are good. Do take care.,0,0.0
I'm good. Have you registered to vote?,0,0.0
"I'm home, my love ... If your still awake ... *loving kiss*",0,0.0
I'm in a movie. Call me 4 wat?,0,0.0
I'm in class. Will holla later,0,0.0
I'm in inside office..still filling forms.don know when they leave me.,0,0.0
I'm job profile seems like bpo..,0,0.0
I'm meeting Darren...,0,0.0
I'm not sure if its still available though,0,0.0
I'm on my way home. Went to change batt 4 my watch then go shop a bit lor.,0,0.0
I'm on the bus. Love you,0,0.0
I've been searching for the right words to thank you for this breather. I promise i wont take your help for granted and will fulfil my promise. You have been wonderful and a blessing at all times.,0,0.0
I've told you everything will stop. Just dont let her get dehydrated.,0,0.0
I.ll give her once i have it. Plus she said grinule greet you whenever we speak,0,0.0
IM GONNAMISSU SO MUCH!!I WOULD SAY IL SEND U A POSTCARD BUTTHERES ABOUTAS MUCH CHANCE OF MEREMEMBERIN ASTHERE IS OFSI NOT BREAKIN HIS CONTRACT!! LUV Yaxx,0,0.0
"Idk. You keep saying that you're not, but since he moved, we keep butting heads over freedom vs. responsibility. And i'm tired. I have so much other shit to deal with that i'm barely keeping myself together once this gets added to it.",0,0.0
If You mean the website. Yes.,0,0.0
"If e timing can, then i go w u lor...",0,0.0
If he started searching he will get job in few days.he have great potential and talent.,0,0.0
If i start sending blackberry torch to nigeria will you find buyer for me?like 4a month. And tell dad not to buy bb from anyone oh.,0,0.0
If u laugh really loud.. If u talk spontaneously.. If u dont care what others feel.. U are probably with your dear &amp; best friends.. GOODEVENING Dear..:),0,0.0
If we win its really no 1 side for long time.,0,0.0
If you r @ home then come down within 5 min,0,0.0
In da car park,0,0.0
In that case I guess I'll see you at campus lodge,0,0.0
In work now. Going have in few min.,0,0.0
Indeed and by the way it was either or - not both !,0,0.0
Is it ok if I stay the night here? Xavier has a sleeping bag and I'm getting tired,0,0.0
Is there any training tomorrow?,0,0.0
Is toshiba portege m100 gd?,0,0.0
Is xy going 4 e lunch?,0,0.0
"It could work, we'll reach a consensus at the next meeting",0,0.0
It means u could not keep ur words.,0,0.0
It took Mr owl 3 licks,0,1.0
Its a big difference.  &lt;#&gt;  versus  &lt;#&gt;  every  &lt;#&gt; hrs,0,0.0
Its a great day. Do have yourself a beautiful one.,0,0.0
Its a part of checking IQ,0,0.0
Its a site to simulate the test. It just gives you very tough questions to test your readiness.,0,0.0
Its a valentine game. . . Send dis msg to all ur friends. .. If 5 answers r d same then someone really loves u. Ques- which colour suits me the best?rply me,0,0.0
Its hard to believe things like this. All can say lie but think twice before saying anything to me.,0,0.0
Its just the effect of irritation. Just ignore it,0,0.0
"It���s reassuring, in this crazy world.",0,0.0
I���ll have a look at the frying pan in case it���s cheap or a book perhaps. No that���s silly a frying pan isn���t likely to be a book,0,0.0
JADE ITS PAUL. Y DIDN��T U TXT ME? DO U REMEMBER ME FROM BARMED? I WANT 2 TALK 2 U! TXT ME,0,0.0
Jesus christ bitch I'm trying to give you drugs answer your fucking phone,0,0.0
Joy's father is John. Then John is the ____ of Joy's father. If u ans ths you hav  &lt;#&gt;  IQ. Tis s IAS question try to answer.,0,0.0
Just buy a pizza. Meat lovers or supreme. U get to pick.,0,0.0
"Just dropped em off, omw back now",0,1.0
"Just got part Nottingham - 3 hrs 63miles. Good thing i love my man so much, but only doing 40mph. Hey ho",0,0.0
"Just sent again. Do you scream and moan in bed, princess?",0,0.0
Just sleeping..and surfing,0,0.0
Just wait till end of march when el nino gets himself. Oh.,0,0.0
K I'll be sure to get up before noon and see what's what,0,0.0
K I'll call you when I'm close,0,0.0
K actually can you guys meet me at the sunoco on howard? It should be right on the way,0,0.0
K go and sleep well. Take rest:-).,0,0.0
K k pa Had your lunch aha.,0,0.0
"K will do, addie &amp; I are doing some art so I'll be here when you get home",0,0.0
"K, can I pick up another 8th when you're done?",0,0.0
"K.. I yan jiu liao... Sat we can go 4 bugis vill one frm 10 to 3 den hop to parco 4 nb. Sun can go cine frm 1030 to 2, den hop to orc mrt 4 hip hop at 4...",0,0.0
K...k...yesterday i was in cbe .,0,0.0
K..give back my thanks.,0,0.0
K..k.:)congratulation ..,0,0.0
K..k:)how about your training process?,0,0.0
K.:)do it at evening da:)urgent:),0,0.0
K.:)you are the only girl waiting in reception ah?,0,0.0
K.k:)advance happy pongal.,0,0.0
K.then any other special?,0,0.0
"Kind of. Just missed train cos of asthma attack, nxt one in half hr so driving in. not sure where to park.",0,0.0
Kind of. Took it to garage. Centre part of exhaust needs replacing. Part ordered n taking it to be fixed tomo morning.,0,0.0
Kinda. First one gets in at twelve! Aah. Speak tomo,0,0.0
LOL what happens in Vegas stays in vegas,0,0.0
"LOOK AT AMY URE A BEAUTIFUL, INTELLIGENT WOMAN AND I LIKE U A LOT. I KNOW U DON��T LIKE ME LIKE THAT SO DON��T WORRY.",0,0.0
Lara said she can loan me  &lt;#&gt; .,0,0.0
"Lemme know when I can swing by and pick up, I'm free basically any time after 1 all this semester",0,0.0
Lemme know when you're here,0,0.0
Let me know how to contact you. I've you settled in a room. Lets know you are ok.,0,0.0
Let's pool our money together and buy a bunch of lotto tickets. If we win I get &lt;#&gt; % u get &lt;#&gt; %. Deal?,0,0.0
"Lets use it next week, princess :)",0,0.0
"Life is more strict than teacher... Bcoz Teacher teaches lesson &amp; then conducts exam, But Life first conducts Exam &amp; then teaches Lessons. Happy morning. . .",0,0.0
Life style garments account no please.,0,1.0
"Like  &lt;#&gt; , same question",0,0.0
Like a personal sized or what,0,0.0
"Living is very simple.. Loving is also simple.. Laughing is too simple.. Winning is tooo simple.. But, Being 'SIMPLE' is very difficult...;-) :-)",0,0.0
Lmao ok I wont be needing u to do my hair anymore.,0,0.0
Lol ... I knew that .... I saw him in the dollar store,0,0.0
Lol I know! They're so dramatic. Schools already closed for tomorrow. Apparently we can't drive in the inch of snow were supposed to get.,0,0.0
Lol I would but my mom would have a fit and tell the whole family how crazy and terrible I am,0,0.0
Lol boo I was hoping for a laugh,0,0.0
Lol now I'm after that hot air balloon!,0,0.0
Lol ok. I'll snatch her purse too.,0,0.0
Lol well don't do it without me. We could have a big sale together.,0,0.0
Lol where do u come up with these ideas?,0,0.0
Lol yeah at this point I guess not,0,0.0
Love it! I want to flood that pretty pussy with cum...,0,1.0
Love that holiday Monday feeling even if I have to go to the dentists in an hour,0,0.0
MAYBE IF YOU WOKE UP BEFORE FUCKING 3 THIS WOULDN'T BE A PROBLEM.,0,0.0
MMM ... Fuck .... Merry Christmas to me,0,0.0
"MOON has come to color your dreams, STARS to make them musical and my SMS to give you warm and Peaceful Sleep. Good Night",0,0.0
Macha dont feel upset.i can assume your mindset.believe me one evening with me and i have some wonderful plans for both of us.LET LIFE BEGIN AGAIN.call me anytime,0,0.0
"Mah b, I'll pick it up tomorrow",0,0.0
Maybe?! Say hi to  and find out if  got his card. Great escape or wetherspoons?,0,0.0
Me fine..absolutly fine,0,0.0
Me too watching surya movie only. . .after 6 pm vijay movie POKKIRI,0,0.0
Me too! Have a lovely night xxx,0,0.0
Meeting u is my work. . . Tel me when shall i do my work tomorrow,0,0.0
Mine here like all fr china then so noisy.,0,0.0
Mm have some kanji dont eat anything heavy ok,0,0.0
Mm i am on the way to railway,0,0.0
Mm i had my food da from out,0,0.0
Mm you ask him to come its enough :-),0,0.0
Mmmm ... Fuck ... Not fair ! You know my weaknesses ! *grins* *pushes you to your knee's* *exposes my belly and pulls your head to it* Don't forget ... I know yours too *wicked smile*,0,0.0
Moji just informed me that you saved our lives. Thanks.,0,0.0
"Mostly sports type..lyk footbl,crckt..",0,1.0
Much better now thanks lol,0,0.0
Mum not going robinson already.,0,0.0
Mum say we wan to go then go... Then she can shun bian watch da glass exhibition...,0,0.0
My house here e sky quite dark liao... If raining then got excuse not 2 run already rite... Hee...,0,0.0
"My painful personal thought- \\I always try to keep everybody happy all the time. But nobody recognises me when i am alone\"\"\"\"",0,0.0
"My planning usually stops at \\find hella weed smoke hella weed\"\"\"\"",0,0.0
My sis is catching e show in e afternoon so i'm not watching w her. So c u wan 2 watch today or tmr lor.,0,0.0
My sister got placed in birla soft da:-),0,0.0
"My sister in law, hope you are having a great month. Just saying hey. Abiola",0,0.0
My sort code is  and acc no is . The bank is natwest. Can you reply to confirm i've sent this to the right person!,0,0.0
My trip was ok but quite tiring lor. Uni starts today but it's ok 4 me cos i'm not taking any modules but jus concentrating on my final yr project.,0,0.0
NEFT Transaction with reference number  &lt;#&gt;  for Rs. &lt;DECIMAL&gt;  has been credited to the beneficiary account on  &lt;#&gt;  at  &lt;TIME&gt; : &lt;#&gt;,0,0.0
Nah dub but je still buff,0,1.0
Nah im goin 2 the wrks with j wot bout u?,0,0.0
Nationwide auto centre (or something like that) on Newport road. I liked them there,0,0.0
Near kalainar tv office.thenampet,0,0.0
Neshanth..tel me who r u?,0,0.0
Never blame a day in ur life. Good days give u happiness. Bad days give u experience. Both are essential in life! All are Gods blessings! good morning.:,0,0.0
"New Theory: Argument wins d SITUATION, but loses the PERSON. So dont argue with ur friends just.. . . . kick them &amp; say, I'm always correct.!",0,0.0
New car and house for my parents.:)i have only new job in hand:),0,0.0
Nice talking to you! please dont forget my pix :) i want to see all of you...,0,0.0
"Nice. Wait...should you be texting right now? I'm not gonna pay your ticket, ya know!",0,0.0
"Night has ended for another day, morning has come in a special way. May you smile like the sunny rays and leaves your worries at the blue blue bay.",0,0.0
"Night has ended for another day, morning has come in a special way. May you smile like the sunny rays and leaves your worries at the blue blue bay. Gud mrng",0,0.0
"Night has ended for another day, morning has come in a special way. May you smile like the sunny rays and leaves your worries at the blue blue bay. Gud mrng",0,0.0
"No I'm good for the movie, is it ok if I leave in an hourish?",0,0.0
No break time one... How... I come out n get my stuff fr �_?,0,0.0
No but the bluray player can,0,0.0
No chikku nt yet.. Ya i'm free,0,0.0
No da if you run that it activate the full version da.,0,0.0
No da..today also i forgot..,0,0.0
No da:)he is stupid da..always sending like this:)don believe any of those message.pandy is a mental:),0,0.0
"No dice, art class 6 thru 9 :( thanks though. Any idea what time I should come tomorrow?",0,0.0
No just send to you. Bec you in temple na.,0,1.0
No message..no responce..what happend?,0,1.0
No need for the drug anymore.,0,0.0
No need to buy lunch for me.. I eat maggi mee..,0,0.0
No no. I will check all rooms befor activities,0,0.0
No no. I will check all rooms befor activities,0,0.0
No plm i will come da. On the way.,0,0.0
No problem. How are you doing?,0,0.0
No you'll just get a headache trying to figure it out. U can trust me to do the math. I promise. O:-),0,0.0
"No, its true..k,Do u knw dis no. &lt;#&gt; ?",0,0.0
No. Thank you. You've been wonderful,0,0.0
No:-)i got rumour that you going to buy apartment in chennai:-),0,0.0
Nobody can decide where to eat and dad wants Chinese,0,0.0
Nope but i'll b going 2 sch on fri quite early lor cos mys sis got paper in da morn :-),0,0.0
Nope i waiting in sch 4 daddy...,0,0.0
Nope... Juz off from work...,0,0.0
Not able to do anything.,0,0.0
Not course. Only maths one day one chapter with in one month we can finish.,0,0.0
"Not for possession, especially not first offense",0,0.0
Not yet had..ya sapna aunty manege y'day hogidhe..chinnu full weak and swalpa black agidhane..,0,0.0
Nothing lor... A bit bored too... Then y dun u go home early 2 sleep today...,0,0.0
"Nothing, i got msg frm tht unknown no..",0,0.0
"Nothing, smsing u n xy lor. Sorry lor da guys neva c u in person but they sort of know u lor. So u wan 2 meet them xy ask me 2 bring u along 4 our next meeting.",0,0.0
"Nowadays people are notixiquating the laxinorficated opportunity for bambling of entropication.... Have you ever oblisingately opted ur books for the masteriastering amplikater of fidalfication? It is very champlaxigating, i think it is atrocious.. Wotz Ur Opinion???? Junna",0,0.0
O i played smash bros  &lt;#&gt;  religiously.,0,0.0
O we cant see if we can join denis and mina? Or does denis want alone time,0,0.0
O. Guess they both got screwd,0,0.0
"OH MR SHEFFIELD! You wanna play THAT game, okay. You're the boss and I'm the nanny. You give me a raise and I'll give YOU one!!",0,0.0
Ofcourse I also upload some songs,0,0.0
Oh all have to come ah?,0,0.0
Oh gei. That happend to me in tron. Maybe ill dl it in 3d when its out,0,0.0
Oh god..taken the teeth?is it paining,0,0.0
Oh ho. Is this the first time u use these type of words,0,0.0
Oh ho. Is this the first time u use these type of words,0,0.0
Oh k...i'm watching here:),0,0.0
Oh ok..,0,0.0
Oh wow thats gay. Will firmware update help,0,0.0
Oh yes I can speak txt 2 u no! Hmm. Did u get  email?,0,0.0
"Oh, i will get paid. The most outstanding one is for a commercial i did for Hasbro...in AUGUST! They made us jump through so many hoops to get paid. Still not.",0,0.0
Ok,0,0.0
Ok,0,0.0
Ok c �_ then.,0,0.0
Ok darlin i supose it was ok i just worry too much.i have to do some film stuff my mate and then have to babysit again! But you can call me there.xx,0,0.0
Ok i am on the way to home hi hi,0,0.0
Ok i found dis pierre cardin one which looks normal costs 20 its on sale.,0,0.0
Ok i msg u b4 i leave my house.,0,0.0
Ok i will tell her to stay out. Yeah its been tough but we are optimistic things will improve this month.,0,0.0
Ok ill send you with in  &lt;DECIMAL&gt;  ok.,0,0.0
Ok im not sure what time i finish tomorrow but i wanna spend the evening with you cos that would be vewy vewy lubly! Love me xxx,0,0.0
Ok k..sry i knw 2 siva..tats y i askd..,0,0.0
Ok lor but not too early. Me still having project meeting now.,0,0.0
Ok lor.,0,0.0
Ok lor. I ned 2 go toa payoh 4 a while 2 return smth u wan 2 send me there or wat?,0,0.0
Ok lor...,0,0.0
Ok lor... But buy wat?,0,0.0
Ok lor... Or u wan me go look 4 u?,0,0.0
Ok no prob. Take ur time.,0,0.0
"Ok, be careful ! Don't text and drive !",0,0.0
Ok.,0,0.0
Ok.,0,0.0
Ok. I asked for money how far,0,0.0
"Ok. Not much to do here though. H&M Friday, cant wait. Dunno wot the hell im gonna do for another 3 weeks! Become a slob- oh wait, already done that!",0,0.0
Ok..,0,0.0
Ok...,0,0.0
Ok... But they said i've got wisdom teeth hidden inside n mayb need 2 remove.,0,0.0
Ok... Help me ask if she's working tmr a not?,0,0.0
Ok... I din get ur msg...,0,0.0
Ok... Ur typical reply...,0,0.0
"Okay, good, no problem, and thanx!",0,0.0
Okay. I've seen it. So i should pick it on friday?,0,0.0
"Okay. No no, just shining on. That was meant to be signing, but that sounds better.",0,0.0
Okay... We wait ah,0,0.0
"Okey doke. I'm at home, but not dressed cos laying around ill! Speak to you later bout times and stuff.",0,0.0
Okie.. Thanx..,0,0.0
Okie...,0,0.0
Omg you can make a wedding chapel in frontierville? Why do they get all the good stuff?,0,0.0
Once free call me sir.,0,0.0
"Only just got this message, not ignoring you. Yes, i was. Shopping that is",0,0.0
Onum ela pa. Normal than.,0,0.0
Oops. 4 got that bit.,0,0.0
Or i go home first lar �_ wait 4 me lor.. I put down my stuff first..,0,0.0
Or ill be a little closer like at the bus stop on the same street,0,0.0
Or maybe my fat fingers just press all these buttons and it doesn't know what to do.,0,0.0
Otherwise had part time job na-tuition..,0,1.0
Our Prasanth ettans mother passed away last night. Just pray for her and family.,0,0.0
Pansy! You've been living in a jungle for two years! Its my driving you should be more worried about!,0,0.0
Pass dis to all ur contacts n see wat u get! Red;i'm in luv wid u. Blue;u put a smile on my face. Purple;u r realy hot. Pink;u r so swt. Orange;i thnk i lyk u. Green;i realy wana go out wid u. Yelow;i wnt u bck. Black;i'm jealous of u. Brown;i miss you Nw plz giv me one color,0,0.0
Pick you up bout 7.30ish? What time are  and that going?,0,0.0
Please don't text me anymore. I have nothing else to say.,0,0.0
Please tell me you have some of that special stock you were talking about,0,0.0
Pls accept me for one day. Or am begging you change the number.,0,0.0
Pls give her the food preferably pap very slowly with loads of sugar. You can take up to an hour to give it. And then some water. Very very slowly.,0,0.0
"Plz note: if anyone calling from a mobile Co. &amp; asks u to type # &lt;#&gt;  or # &lt;#&gt; . Do not do so. Disconnect the call,coz it iz an attempt of 'terrorist' to make use of the sim card no. Itz confirmd by nokia n motorola n has been verified by CNN IBN.",0,0.0
Poor girl can't go one day lmao,0,0.0
Prabha..i'm soryda..realy..frm heart i'm sory,0,0.0
Probably money worries. Things are coming due and i have several outstanding invoices for work i did two and three months ago.,0,0.0
"Probably not, still going over some stuff here",0,0.0
Purity of friendship between two is not about smiling after reading the forwarded message..Its about smiling just by seeing the name. Gud evng,0,0.0
Quite late lar... Ard 12 anyway i wun b drivin...,0,0.0
R u still working now?,0,0.0
R we still meeting 4 dinner tonight?,0,0.0
R �_ going 4 today's meeting?,0,0.0
Raji..pls do me a favour. Pls convey my Birthday wishes to Nimya. Pls. Today is her birthday.,0,0.0
Ranjith cal drpd Deeraj and deepak 5min hold,0,0.0
Raviyog Peripherals bhayandar east,0,0.0
Reverse is cheating. That is not mathematics.,0,0.0
"Right on brah, see you later",0,0.0
Rofl. Its true to its name,0,0.0
Roger that. We���re probably going to rem in about 20,0,0.0
S da..al r above  &lt;#&gt;,0,0.0
S.this will increase the chance of winning.,0,0.0
S:)8 min to go for lunch:),0,1.0
S:)no competition for him.,0,1.0
S:-)if we have one good partnership going we will take lead:),0,0.0
Sac needs to carry on:),0,0.0
Sad story of a Man - Last week was my b'day. My Wife did'nt wish me. My Parents forgot n so did my Kids . I went to work. Even my Colleagues did not wish.,0,0.0
Sad story of a Man - Last week was my b'day. My Wife did'nt wish me. My Parents forgot n so did my Kids . I went to work. Even my Colleagues did not wish.,0,0.0
"Same, I'm at my great aunts anniversary party in tarpon springs",0,0.0
Same. Wana plan a trip sometme then,0,0.0
Sday only joined.so training we started today:),0,0.0
Send to someone else :-),0,0.0
Senthil group company Apnt 5pm.,0,0.0
"Set a place for me in your heart and not in your mind, as the mind easily forgets but the heart will always remember. Wish you Happy Valentines Day!",0,0.0
Shall call now dear having food,0,1.0
Shall i ask one thing if you dont mistake me.,0,0.0
Shall i send that exe to your mail id.,0,0.0
Shant disturb u anymore... Jia you...,0,0.0
Shb b ok lor... Thanx...,0,0.0
"She said,'' do u mind if I go into the bedroom for a minute ? '' ''OK'', I sed in a sexy mood. She came out 5 minuts latr wid a cake...n My Wife,",0,0.0
She.s find. I sent you an offline message to know how anjola's now.,0,0.0
Shhhhh nobody is supposed to know!,0,1.0
Shopping lor. Them raining mah hard 2 leave orchard.,0,0.0
"Short But Cute : \\ Be a good person \" but dont try to prove\"\" ..... Gud mrng...\"\"\"",0,0.0
"Short But Cute: \\Be a good person\" but dont try to prove it..\"\" .Gud noon....\"\"\"",0,0.0
Should I be stalking u?,0,0.0
Shuhui has bought ron's present it's a swatch watch...,0,0.0
Sindu got job in birla soft ..,0,0.0
"Sir, I am waiting for your mail.",0,0.0
"Sir, I need Velusamy sir's date of birth and company bank facilities details.",0,0.0
"Sir, waiting for your letter.",0,0.0
Slaaaaave ! Where are you ? Must I summon you to me all the time now ? Don't you wish to come to me on your own anymore?,0,0.0
Sleeping nt feeling well,0,0.0
Smile in Pleasure Smile in Pain Smile when trouble pours like Rain Smile when sum1 Hurts U Smile becoz SOMEONE still Loves to see u Smiling!!,0,0.0
So are you guys asking that i get that slippers again or its gone with last year,0,0.0
So dont use hook up any how,0,0.0
So how's scotland. Hope you are not over showing your JJC tendencies. Take care. Live the dream,0,0.0
So li hai... Me bored now da lecturer repeating last weeks stuff waste time...,0,0.0
So now my dad is gonna call after he gets out of work and ask all these crazy questions.,0,0.0
Some are lasting as much as 2 hours. You might get lucky.,0,0.0
Some of them told accenture is not confirm. Is it true.,0,0.0
Sorry da..today i wont come to play..i have driving clas..,0,0.0
Sorry da:)i was thought of calling you lot of times:)lil busy.i will call you at noon..,0,0.0
Sorry de i went to shop.,0,0.0
"Sorry light turned green, I meant another friend wanted  &lt;#&gt;  worth but he may not be around",0,0.0
"Sorry pa, i dont knw who ru pa?",0,0.0
"Sorry that took so long, omw now",0,0.0
"Sorry, I can't text &amp; drive coherently, see you in twenty",0,0.0
"Sorry, I'll call later",0,0.0
"Sorry, I'll call later",0,0.0
"Sorry, I'll call later",0,0.0
"Sorry, I'll call later",0,0.0
"Sorry, I'll call later",0,0.0
"Sorry, I'll call later",0,0.0
"Sorry, I'll call later  &lt;#&gt; mins",0,0.0
"Sorry, my battery died, I can come by but I'm only getting a gram for now, where's your place?",0,0.0
"Sorry, was in the bathroom, sup",0,0.0
"Sounds gd... Haha... Can... Wah, u yan jiu so fast liao...",0,0.0
Sounds like a plan! Cardiff is still here and still cold! I'm sitting on the radiator!,0,0.0
Spending new years with my brother and his family. Lets plan to meet next week. Are you ready to be spoiled? :),0,0.0
Spoons it is then okay?,0,0.0
Staff of placement training in Amrita college.,0,0.0
Still chance there. If you search hard you will get it..let have a try :),0,0.0
Still i have not checked it da. . .,0,0.0
"Sun cant come to earth but send luv as rays. cloud cant come to river but send luv as rain. I cant come to meet U, but can send my care as msg to U. Gud evng",0,0.0
Sure! I am driving but will reach my destination soon.,0,0.0
THANX 4 PUTTIN DA FONE DOWN ON ME!!,0,0.0
THING R GOOD THANX GOT EXAMS IN MARCH IVE DONE NO REVISION? IS FRAN STILL WITH BOYF? IVE GOTTA INTERVIW 4 EXETER BIT WORRIED!x,0,0.0
"TODAY is Sorry day.! If ever i was angry with you, if ever i misbehaved or hurt you? plz plz JUST SLAP URSELF Bcoz, Its ur fault, I'm basically GOOD",0,0.0
Takin a shower now but yeah I'll leave when I'm done,0,0.0
Teach me apps da. When you come to college.,0,0.0
Tell me whos this pls:-),0,0.0
Tell them no need to investigate about me anywhere.,0,0.0
Tell your friends what you plan to do on Valentines day @ &lt;URL&gt;,0,0.0
Tessy..pls do me a favor. Pls convey my birthday wishes to Nimya..pls dnt forget it. Today is her birthday Shijas,0,0.0
Thank god they are in bed!,0,0.0
Thank u. IT BETTER WORK OUT CAUSE I WILL FEEL USED OTHERWISE,0,0.0
"Thanks again for your reply today. When is ur visa coming in. And r u still buying the gucci and bags. My sister things are not easy, uncle john also has his own bills so i really need to think about how to make my own money. Later sha.",0,0.0
"Thanks da thangam, i feel very very happy dear. I also miss you da.",0,0.0
Thanks for being there for me just to talk to on saturday. You are very dear to me. I cherish having you as a brother and role model.,0,0.0
Thanks for understanding. I've been trying to tell sura that.,0,0.0
Thanks. It was only from tescos but quite nice. All gone now. Speak soon,0,0.0
Thanx but my birthday is over already.,0,0.0
"Thanx. Yup we coming back on sun. Finish dinner going back 2 hotel now. Time flies, we're tog 4 exactly a mth today. Hope we'll haf many more mths to come...",0,0.0
"That means you got an A in epi, she.s fine. She.s here now.",0,0.0
That seems unnecessarily hostile,0,1.0
"That way transport is less problematic than on sat night. By the way, if u want to ask  n  to join my bday, feel free. But need to know definite nos as booking on fri.",0,0.0
"That's the trouble with classes that go well - you're due a dodgey one ��_ Expecting mine tomo! See you for recovery, same time, same place",0,0.0
That's y i said it's bad dat all e gals know u... Wat u doing now?,0,0.0
Thats cool! Sometimes slow and gentle. Sonetimes rough and hard :),0,0.0
Thats cool. How was your day?,0,0.0
"The  &lt;#&gt; g that i saw a few days ago, the guy wants sell wifi only for  &lt;#&gt;  and with 3g for  &lt;#&gt; . That's why i blanked him.",0,0.0
"The guy at the car shop who was flirting with me got my phone number from the paperwork and called and texted me. I'm nervous because of course now he may have my address. Should i call his boss and tell him, knowing this may get him fired?",0,0.0
"The house is on the water with a dock, a boat rolled up with a newscaster who dabbles in jazz flute behind the wheel",0,0.0
The length is e same but e top shorter n i got a fringe now. I thk i'm not going liao. Too lazy. Dun wan 2 distract u also.,0,0.0
"The sign of maturity is not when we start saying big things.. But actually it is, when we start understanding small things... *HAVE A NICE EVENING* BSLVYL",0,0.0
"The table's occupied, I'm waiting by the tree",0,0.0
"The world is running and i am still.maybe all are feeling the same,so be it.or i have to admit,i am mad.then where is the correction?or let me call this is life.and keep running with the world,may be u r also running.lets run.",0,0.0
Then i buy.,0,0.0
Then she buying today? �� no need to c meh...,0,0.0
Then ur sis how?,0,0.0
Then wat r u doing now? Busy wif work?,0,0.0
Then we gotta do it after that,0,0.0
Then why you came to hostel.,0,1.0
Then why you not responding,0,0.0
"There'll be a minor shindig at my place later tonight, you interested?",0,0.0
There's no point hangin on to mr not right if he's not makin u happy,0,1.0
There's someone here that has a year  &lt;#&gt;  toyota camry like mr olayiwola's own. Mileage is  &lt;#&gt; k.its clean but i need to know how much will it sell for. If i can raise the dough for it how soon after landing will it sell. Holla back.,0,0.0
These won't do. Have to move on to morphine,0,1.0
They have a thread on the wishlist section of the forums where ppl post nitro requests. Start from the last page and collect from the bottom up.,0,1.0
They said �_ dun haf passport or smth like dat.. Or �_ juz send to my email account..,0,0.0
Think you sent the text to the home phone. That cant display texts. If you still want to send it his number is,0,0.0
This is wishing you a great day. Moji told me about your offer and as always i was speechless. You offer so easily to go to great lengths on my behalf and its stunning. My exam is next friday. After that i will keep in touch more. Sorry.,0,0.0
Those ducking chinchillas,0,0.0
Those were my exact intentions,0,0.0
Thts god's gift for birds as humans hav some natural gift frm god..,0,0.0
Today i'm not workin but not free oso... Gee... Thgt u workin at ur fren's shop ?,0,0.0
Tomorrow i am not going to theatre. . . So i can come wherever u call me. . . Tell me where and when to come tomorrow,0,0.0
"Turns out my friends are staying for the whole show and won't be back til ~ &lt;#&gt; , so feel free to go ahead and smoke that $ &lt;#&gt;  worth",0,0.0
Two teams waiting for some players,0,0.0
U GOIN OUT 2NITE?,0,0.0
U can call now...,0,0.0
U coming 2 pick me?,0,0.0
U don't know how stubborn I am. I didn't even want to go to the hospital. I kept telling Mark I'm not a weak sucker. Hospitals are for weak suckers.,0,0.0
U haven��t lost me ill always b here 4u.i didn��t intend 2 hurt u but I never knew how u felt about me when Iwas+marine&that��s what itried2tell urmom.i careabout u,0,0.0
U really pig leh sleep so much. My dad wake me up at 10 smth 2 eat lunch today.,0,0.0
U should make a fb list,0,0.0
U sick still can go shopping?,0,0.0
U wake up already? Thanx 4 e tau sar piah it's quite nice.,0,0.0
U're welcome... Caught u using broken english again...,0,0.0
Ugh I don't wanna get out of bed. It's so warm.,0,0.0
Ugh fuck it I'm resubbing to eve,0,0.0
Uncle Abbey! Happy New Year. Abiola,0,1.0
Unless it's a situation where YOU GO GURL would be more appropriate,0,0.0
Unni thank you dear for the recharge..Rakhesh,0,0.0
"Until 545 lor... Ya, can go 4 dinner together...",0,0.0
"Urgh, coach hot, smells of chip fat! Thanks again, especially for the duvet (not a predictive text word).",0,0.0
V skint too but fancied few bevies.waz gona go meet &othrs in spoon but jst bin watchng planet earth&sofa is v comfey; If i dont make it hav gd night,0,0.0
WOT U UP 2 J?,0,0.0
WOT U WANNA DO THEN MISSY?,0,0.0
"Wa, ur openin sentence very formal... Anyway, i'm fine too, juz tt i'm eatin too much n puttin on weight...Haha... So anythin special happened?",0,0.0
Wanna do some art?! :D,0,0.0
Want to finally have lunch today?,0,0.0
"Waqt se pehle or naseeb se zyada kisi ko kuch nahi milta,Zindgi wo nahi he jo hum sochte hai Zindgi wo hai jo ham jeetey hai..........",0,0.0
Was doing my test earlier. I appreciate you. Will call you tomorrow.,0,0.0
Was the farm open?,0,0.0
Wat makes some people dearer is not just de happiness dat u feel when u meet them but de pain u feel when u miss dem!!!,0,0.0
"Wat time liao, where still got.",0,0.0
Wat time �_ finish?,0,0.0
Wat's da model num of ur phone?,0,0.0
"Watching cartoon, listening music &amp; at eve had to go temple &amp; church.. What about u?",0,0.0
"Watching cartoon, listening music &amp; at eve had to go temple &amp; church.. What about u?",0,0.0
Watching tv lor. Nice one then i like lor.,0,0.0
Watching tv lor... Y she so funny we bluff her 4 wat. Izzit because she thk it's impossible between us?,0,0.0
"We are at grandmas. Oh dear, u still ill? I felt Shit this morning but i think i am just hungover! Another night then. We leave on sat.",0,0.0
We are both fine. Thanks,0,1.0
We are supposed to meet to discuss abt our trip... Thought xuhui told you? In the afternoon. Thought we can go for lesson after that,0,0.0
We got a divorce. Lol. She.s here,0,0.0
"We have sent JD for Customer Service cum Accounts Executive to ur mail id, For details contact us",0,1.0
We're finally ready fyi,0,0.0
Webpage s not available!,0,0.0
Well boy am I glad G wasted all night at applebees for nothing,0,0.0
"Well imma definitely need to restock before thanksgiving, I'll let you know when I'm out",0,0.0
Well its not like you actually called someone a punto. That woulda been worse.,0,0.0
Well keep in mind I've only got enough gas for one more round trip barring a sudden influx of cash,0,0.0
Well obviously not because all the people in my cool college life went home ;_;,0,0.0
Well she's in for a big surprise!,0,0.0
Well there's a pattern emerging of my friends telling me to drive up and come smoke with them and then telling me that I'm a weed fiend/make them smoke too much/impede their doing other things so you see how I'm hesitant,0,0.0
Well. Balls. Time to make calls,0,0.0
Were gonna go get some tacos,0,0.0
Were trying to find a Chinese food place around here,0,0.0
What * u wearing?,0,0.0
What Today-sunday..sunday is holiday..so no work..,0,0.0
What can i do? Might accidant tookplace between somewhere ghodbandar rd. Traffic moves slovely. So plz slip &amp; don't worry.,0,0.0
"What do u reckon as need 2 arrange transport if u can't do it, thanks",0,0.0
What does the dance river do?,0,1.0
What happen dear tell me,0,0.0
What happened in interview?,0,0.0
What happened to our yo date?,0,1.0
What is this 'hex' place you talk of? Explain!,0,0.0
What not under standing.,0,0.0
What r u cooking me for dinner?,0,0.0
What time should I tell my friend to be around?,0,0.0
What you doing?how are you?,0,0.0
What's a feathery bowa? Is that something guys have that I don't know about?,0,0.0
What's up my own oga. Left my phone at home and just saw ur messages. Hope you are good. Have a great weekend.,0,0.0
What's up. Do you want me to come online?,0,0.0
What???? Hello wats talks email address?,0,1.0
Whatsup there. Dont u want to sleep,0,0.0
When are you going to ride your bike?,0,0.0
When is school starting. Where will you stay. What's the weather like. And the food. Do you have a social support system like friends in the school. All these things are important.,0,0.0
When should I come over?,0,0.0
"When you just put in the + sign, choose my number and the pin will show. Right?",0,0.0
"Whenevr ur sad, Whenevr ur gray, Remembr im here 2 listn 2 watevr u wanna say, Jus walk wid me a little while,&amp; I promise I'll bring back ur smile.:-)",0,0.0
Whens your radio show?,0,1.0
Where are the garage keys? They aren't on the bookshelf,0,0.0
Where are you ? You said you would be here when I woke ... :-(,0,0.0
Where r we meeting?,0,0.0
Where wuld I be without my baby? The thought alone mite break me and I don��t wanna go crazy but everyboy needs his lady xxxxxxxx,0,0.0
Where you. What happen,0,0.0
Where's my boytoy? I miss you ... What happened?,0,0.0
Which channel:-):-):):-).,0,1.0
Whom you waited for yesterday,0,1.0
Why do you ask princess?,0,0.0
Why nothing. Ok anyway give me treat,0,0.0
Wife.how she knew the time of murder exactly,0,1.0
Wife.how she knew the time of murder exactly,0,1.0
Will do. Have a good day,0,0.0
Will do. Was exhausted on train this morning. Too much wine and pie. You sleep well too,0,0.0
"Wn u r hurt by d prsn who s close 2 u, do fight wit dem. Coz somtimes dis fight saves a relation bt being quiet leaves nothin in a relation.. Gud eveB-)",0,0.0
Wot about on wed nite I am 3 then but only til 9!,0,0.0
Wot u up 2 u weirdo?,0,0.0
Would really appreciate if you call me. Just need someone to talk to.,0,0.0
X2  &lt;#&gt; . Are you going to get that,0,0.0
Y dun cut too short leh. U dun like ah? She failed. She's quite sad.,0,0.0
Y lei?,0,1.0
Y �_ wan to go there? C doctor?,0,0.0
"Ya ok, then had dinner?",0,0.0
Ya very nice. . .be ready on thursday,0,0.0
"Yalru lyfu astne chikku.. Bt innu mundhe lyf ali halla ke bilo (marriage)program edhae, so lyf is nt yet ovr chikku..ali vargu lyfu meow meow:-D",0,1.0
Yar i wanted 2 scold u yest but late already... I where got zhong se qing you? If u ask me b4 he ask me then i'll go out w u all lor. N u still can act so real.,0,0.0
Yar lor actually we quite fast... Cos da ge slow wat... Haha...,0,0.0
Yar lor... How u noe? U used dat route too?,0,0.0
Yar lor... Keep raining non stop... Or u wan 2 go elsewhere?,0,0.0
"Yeah I am, so I'll leave maybe 7ish?",0,0.0
"Yeah I should be able to, I'll text you when I'm ready to meet up",0,0.0
"Yeah I think my usual guy's still passed out from last night, if you get ahold of anybody let me know and I'll throw down",0,0.0
Yeah I'll try to scrounge something up,0,0.0
"Yeah hopefully, if tyler can't do it I could maybe ask around a bit",0,0.0
Yeah if we do have to get a random dude we need to change our info sheets to PARTY  &lt;#&gt; /7 NEVER STUDY just to be safe,0,0.0
Yeah it's jus rite...,0,0.0
Yeah like if it goes like it did with my friends imma flip my shit in like half an hour,0,0.0
"Yeah sure, give me a couple minutes to track down my wallet",0,0.0
Yeah that's the impression I got,0,0.0
"Yeah there's barely enough room for the two of us, x has too many fucking shoes. Sorry man, see you later",0,0.0
"Yeah, give me a call if you've got a minute",0,0.0
"Yeah, probably earlier than that",0,0.0
"Yeah, probably here for a while",0,0.0
Yeah. I got a list with only u and Joanna if I'm feeling really anti social,0,0.0
"Yep, at derek's house now, see you Sunday &lt;3",0,0.0
"Yep, the great loxahatchee xmas tree burning of  &lt;#&gt;  starts in an hour",0,0.0
Yes its possible but dint try. Pls dont tell to any one k,0,0.0
Yes see ya not on the dot,0,0.0
Yes we were outside for like 2 hours. And I called my whole family to wake them up cause it started at 1 am,0,0.0
"Yes, princess. Are you going to make me moan?",0,0.0
Yes. Rent is very expensive so its the way we save.,0,0.0
"Yes..but they said its IT.,",0,0.0
Yes..he is really great..bhaji told kallis best cricketer after sachin in world:).very tough to get out.,0,0.0
Yes.he have good crickiting mind,0,0.0
Yesterday its with me only . Now am going home.,0,0.0
Yetunde i'm in class can you not run water on it to make it ok. Pls now.,0,0.0
Yo you around? A friend of mine's lookin to pick up later tonight,0,0.0
You are a big chic. Common. Declare,0,0.0
You are not bothering me but you have to trust my answers. Pls.,0,0.0
"You at mu? You should try to figure out how much money everyone has for gas and alcohol, jay and I are trying to figure out our weed budget",0,0.0
You can jot down things you want to remember later.,0,0.0
You didnt complete your gist oh.,0,0.0
You do what all you like,0,0.0
You do your studies alone without anyones help. If you cant no need to study.,0,0.0
You know what hook up means right?,0,0.0
You said not now. No problem. When you can. Let me know.,0,0.0
You stayin out of trouble stranger!!saw Dave the other day he��s sorted now!still with me bloke when u gona get a girl MR!ur mum still Thinks we will get 2GETHA!,0,0.0
You still at the game?,0,0.0
You sure your neighbors didnt pick it up,0,0.0
You were supposed to wake ME up &gt;:(,0,0.0
You will be in the place of that man,0,0.0
You'd like that wouldn't you? Jerk!,0,0.0
You'll never believe this but i have actually got off at taunton. Wow,0,0.0
You're gonna have to be way more specific than that,0,0.0
You've already got a flaky parent. It'snot supposed to be the child's job to support the parent...not until they're The Ride age anyway. I'm supposed to be there to support you. And now i've hurt you. unintentional. But hurt nonetheless.,0,0.0
You've always been the brainy one.,0,0.0
Your opinion about me? 1. Over 2. Jada 3. Kusruthi 4. Lovable 5. Silent 6. Spl character 7. Not matured 8. Stylish 9. Simple Pls reply..,0,0.0
Your pussy is perfect!,0,1.0
Yoyyooo u know how to change permissions for a drive in mac. My usb flash drive,0,0.0
Yup,0,1.0
Yup but it's not giving me problems now so mayb i'll jus leave it...,0,0.0
Yup i'm still having coffee wif my frens... My fren drove she'll give me a lift...,0,0.0
Yup ok...,0,0.0
Yup song bro. No creative. Neva test quality. He said check review online.,0,0.0
"Yup, no need. I'll jus wait 4 e rain 2 stop.",0,0.0
Yup. Wun believe wat? U really neva c e msg i sent shuhui?,0,0.0
Yup...,0,0.0
Yup... How �_ noe leh...,0,0.0
"\\HEY BABE! FAR 2 SPUN-OUT 2 SPK AT DA MO... DEAD 2 DA WRLD. BEEN SLEEPING ON DA SOFA ALL DAY HAD A COOL NYTHO TX 4 FONIN HON CALL 2MWEN IM BK FRMCLOUD 9! J X\"\"\"\"",0,0.0
"\\HEY KATE HOPE UR OK... WILL GIVE U A BUZ WEDLUNCH. GO OUTSOMEWHERE 4 ADRINK IN TOWN..CUD GO 2WATERSHD 4 A BIT? PPL FROMWRK WILL BTHERE. LOVE PETEXXX.\"\"\"\"",0,1.0
"\\HI BABE UAWAKE?FEELLIKW SHIT.JUSTFOUND OUT VIA ALETTER THATMUM GOTMARRIED 4thNOV.BEHIND OURBACKS �� FUCKINNICE!SELFISHDEVIOUSBITCH.ANYWAYI��L CALL U\"\"\"\"",0,0.0
"\\Hello-/@drivby-:0quit edrunk sorry iff pthis makes no senrd-dnot no how ^ dancce 2 drum n basq!ihave fun 2nhite x ros xxxxxxx\"\"\"\"",0,1.0
"\\Im on gloucesterroad what are uup to later?\"\"\"\"",0,0.0
"\\NOT ENUFCREDEIT TOCALL.SHALL ILEAVE UNI AT 6 +GET A BUS TO YOR HOUSE?\"\"\"\"",0,0.0
"\\Petey boy whereare you me and all your friendsare in theKingshead come down if you canlove Nic\"\"\"\"",0,0.0
"\\SHIT BABE.. THASA BIT MESSED UP.YEH SHE SHUDVETOLD U. DID URGRAN KNOW?NEWAY ILLSPEAK 2 U2MORO WEN IM NOT ASLEEP...\"\"\"\"",0,0.0
"\\The world suffers a lot... Not because of the violence of bad people. But because of the silence of good people!\"\" Gud night....\"\"",0,0.0
"\\What are youdoing later? Sar xxx\"\"\"\"",0,0.0
"\\YEH I AM DEF UP4 SOMETHING SATJUST GOT PAYED2DAY & I HAVBEEN GIVEN A�50 PAY RISE 4MY WORK & HAVEBEEN MADE PRESCHOOLCO-ORDINATOR 2I AM FEELINGOOD LUV\"\"\"\"",0,0.0
"awesome, how do I deal with the gate? Charles told me last night but, uh, yeah",0,0.0
did u get that message,0,0.0
do u think that any girl will propose u today by seing ur bloody funky shit fucking face...............asssssholeeee................,0,0.0
get ready to moan and scream :),0,1.0
have got * few things to do. may be in * pub later.,0,0.0
here is my new address -apples&pairs&all that malarky,0,0.0
hope things went well at 'doctors' ;) reminds me i still need 2go.did u c d little thing i left in the lounge?,0,0.0
i see. When we finish we have loads of loans to pay,0,0.0
i thought we were doing a king of the hill thing there.,0,0.0
if you text on your way to cup stop that should work. And that should be BUS,0,0.0
is your hamster dead? Hey so tmr i meet you at 1pm orchard mrt?,0,0.0
jay says he'll put in  &lt;#&gt;,0,0.0
my ex-wife was not able to have kids. Do you want kids one day?,0,0.0
"not that I know of, most people up here are still out of town",0,0.0
on hen night. Going with a swing,0,0.0
"swhrt how u dey,hope ur ok, tot about u 2day.love n miss.take care.",0,0.0
tap & spile at seven. * Is that pub on gas st off broad st by canal. Ok?,0,0.0
"that would be good ��_ I'll phone you tomo lunchtime, shall I, to organise something?",0,0.0
would u fuckin believe it they didnt know i had thurs pre booked off so they re cancelled me AGAIN! that needs to b sacked,0,0.0
"you are sweet as well, princess. Please tell me your likes and dislikes in bed...",0,0.0
�� called dad oredi...,0,0.0
�� collecting ur laptop then going to configure da settings izzit?,0,0.0
�� give me some time to walk there.,0,0.0
�� still got lessons?  �� in sch?,0,0.0
"��_ we r stayin here an extra week, back next wed. How did we do in the rugby this weekend? Hi to and and , c u soon \"",0,0.0
"\"Did you hear about the new \\Divorce Barbie\"\"? It comes with all of Ken's stuff!\"\"\"",1,0.0
**FREE MESSAGE**Thanks for using the Auction Subscription Service. 18 . 150p/MSGRCVD 2 Skip an Auction txt OUT. 2 Unsubscribe txt STOP CustomerCare 08718726270,1,1.0
+123 Congratulations - in this week's competition draw u have won the �1450 prize to claim just call 09050002311 b4280703. T&Cs/stop SMS 08718727868. Over 18 only 150ppm,1,1.0
-PLS STOP bootydelious (32/F) is inviting you to be her friend. Reply YES-434 or NO-434 See her: www.SMS.ac/u/bootydelious STOP? Send STOP FRND to 62468,1,1.0
1000's of girls many local 2 u who r virgins 2 this & r ready 2 4fil ur every sexual need. Can u 4fil theirs? text CUTE to 69911(�1.50p. m),1,1.0
"44 7732584351, Do you want a New Nokia 3510i colour phone DeliveredTomorrow? With 300 free minutes to any mobile + 100 free texts + Free Camcorder reply or call 08000930705.",1,1.0
4mths half price Orange line rental & latest camera phones 4 FREE. Had your phone 11mths ? Call MobilesDirect free on 08000938767 to update now! or2stoptxt,1,1.0
8007 FREE for 1st week! No1 Nokia tone 4 ur mob every week just txt NOKIA to 8007 Get txting and tell ur mates www.getzed.co.uk POBox 36504 W4 5WQ norm 150p/tone 16+,1,1.0
<Forwarded from 88877>FREE entry into our �250 weekly comp just send the word ENTER to 88877 NOW. 18 T&C www.textcomp.com,1,1.0
Are you unique enough? Find out from 30th August. www.areyouunique.co.uk,1,0.0
As one of our registered subscribers u can enter the draw 4 a 100 G.B. gift voucher by replying with ENTER. To unsubscribe text STOP,1,1.0
"Auction round 4. The highest bid is now �54. Next maximum bid is �71. To bid, send BIDS e. g. 10 (to bid �10) to 83383. Good luck.",1,0.0
Babe: U want me dont u baby! Im nasty and have a thing 4 filthyguys. Fancy a rude time with a sexy bitch. How about we go slo n hard! Txt XXX SLO(4msgs),1,0.0
CLAIRE here am havin borin time & am now alone U wanna cum over 2nite? Chat now 09099725823 hope 2 C U Luv CLAIRE xx Calls�1/minmoremobsEMSPOBox45PO139WA,1,0.0
Call FREEPHONE 0800 542 0578 now!,1,1.0
Camera - You are awarded a SiPix Digital Camera! call 09061221066 fromm landline. Delivery within 28 days,1,1.0
Camera - You are awarded a SiPix Digital Camera! call 09061221066 fromm landline. Delivery within 28 days.,1,1.0
"Claim a 200 shopping spree, just call 08717895698 now! Have you won! MobStoreQuiz10ppm",1,1.0
"Congrats 2 mobile 3G Videophones R yours. call 09063458130 now! videochat wid ur mates, play java games, Dload polypH music, noline rentl. bx420. ip4. 5we. 150p",1,1.0
"Congrats! 1 year special cinema pass for 2 is yours. call 09061209465 now! C Suprman V, Matrix3, StarWars3, etc all 4 FREE! bx420-ip4-5we. 150pm. Dont miss out!",1,1.0
Congratulations ur awarded 500 of CD vouchers or 125gift guaranteed & Free entry 2 100 wkly draw txt MUSIC to 87066 TnCs www.Ldew.com1win150ppmx3age16,1,1.0
Congratulations ur awarded either �500 of CD gift vouchers & Free entry 2 our �100 weekly draw txt MUSIC to 87066 TnCs www.Ldew.com1win150ppmx3age16,1,1.0
Dear 0776xxxxxxx U've been invited to XCHAT. This is our final attempt to contact u! Txt CHAT to 86688 150p/MsgrcvdHG/Suite342/2Lands/Row/W1J6HL LDN 18yrs,1,1.0
Dear Subscriber ur draw 4 �100 gift voucher will b entered on receipt of a correct ans. When was Elvis Presleys Birthday? TXT answer to 80062,1,1.0
December only! Had your mobile 11mths+? You are entitled to update to the latest colour camera mobile for Free! Call The Mobile Update Co FREE on 08002986906,1,1.0
"Do you realize that in about 40 years, we'll have thousands of old ladies running around with tattoos?",1,0.0
Do you want a New Nokia 3510i colour phone DeliveredTomorrow? With 300 free minutes to any mobile + 100 free texts + Free Camcorder reply or call 08000930705,1,1.0
Dont forget you can place as many FREE Requests with 1stchoice.co.uk as you wish. For more Information call 08707808226.,1,0.0
"Double mins and txts 4 6months FREE Bluetooth on Orange. Available on Sony, Nokia Motorola phones. Call MobileUpd8 on 08000839402 or call2optout/N9DX",1,1.0
Double your mins & txts on Orange or 1/2 price linerental - Motorola and SonyEricsson with B/Tooth FREE-Nokia FREE Call MobileUpd8 on 08000839402 or2optout/HV9D,1,1.0
EASTENDERS TV Quiz. What FLOWER does DOT compare herself to? D= VIOLET E= TULIP F= LILY txt D E or F to 84025 NOW 4 chance 2 WIN �100 Cash WKENT/150P16+,1,1.0
"Eerie Nokia tones 4u, rply TONE TITLE to 8007 eg TONE DRACULA to 8007 Titles: GHOST, ADDAMSFA, MUNSTERS, EXORCIST, TWILIGHT www.getzed.co.uk POBox36504W45WQ 150p",1,1.0
"Eerie Nokia tones 4u, rply TONE TITLE to 8007 eg TONE DRACULA to 8007 Titles: GHOST, ADDAMSFA, MUNSTERS, EXORCIST, TWILIGHT www.getzed.co.uk POBox36504W45WQ 150p",1,1.0
Email AlertFrom: Jeri StewartSize: 2KBSubject: Low-cost prescripiton drvgsTo listen to email call 123,1,0.0
"FREE GAME. Get Rayman Golf 4 FREE from the O2 Games Arcade. 1st get UR games settings. Reply POST, then save & activ8. Press 0 key for Arcade. Termsapply",1,1.0
"FREE NOKIA Or Motorola with upto 12mths 1/2price linerental, 500 FREE x-net mins&100txt/mth FREE B'tooth*. Call Mobileupd8 on 08001950382 or call 2optout/D3WV",1,1.0
"FREE2DAY sexy St George's Day pic of Jordan!Txt PIC to 89080 dont miss out, then every wk a saucy celeb!4 more pics c PocketBabe.co.uk 0870241182716 �3/wk",1,0.0
FROM 88066 LOST �12 HELP,1,0.0
"Fantasy Football is back on your TV. Go to Sky Gamestar on Sky Active and play �250k Dream Team. Scoring starts on Saturday, so register now!SKY OPT OUT to 88088",1,0.0
"Final Chance! Claim ur �150 worth of discount vouchers today! Text YES to 85023 now! SavaMob, member offers mobile! T Cs SavaMob POBOX84, M263UZ. �3.00 Subs 16",1,1.0
"Final Chance! Claim ur �150 worth of discount vouchers today! Text YES to 85023 now! SavaMob, member offers mobile! T Cs SavaMob POBOX84, M263UZ. �3.00 Subs 16",1,1.0
For taking part in our mobile survey yesterday! You can now have 500 texts 2 use however you wish. 2 get txts just send TXT to 80160 T&C www.txt43.com 1.50p,1,1.0
"For ur chance to win a �250 wkly shopping spree TXT: SHOP to 80878. T's&C's www.txt-2-shop.com custcare 08715705022, 1x150p/wk",1,1.0
"For ur chance to win �250 cash every wk TXT: PLAY to 83370. T's&C's www.music-trivia.net custcare 08715705022, 1x150p/wk.",1,1.0
Free 1st week entry 2 TEXTPOD 4 a chance 2 win 40GB iPod or �250 cash every wk. Txt VPOD to 81303 Ts&Cs www.textpod.net custcare 08712405020.,1,1.0
Free entry in 2 a weekly comp for a chance to win an ipod. Txt POD to 80182 to get entry (std txt rate) T&C's apply 08452810073 for details 18+,1,1.0
"Free entry to the gr8prizes wkly comp 4 a chance to win the latest Nokia 8800, PSP or �250 cash every wk.TXT GREAT to 80878 http//www.gr8prizes.com 08715705022",1,1.0
Free tones Hope you enjoyed your new content. text stop to 61610 to unsubscribe. help:08712400602450p Provided by tones2you.co.uk,1,1.0
"FreeMsg: Claim ur 250 SMS messages-Text OK to 84025 now!Use web2mobile 2 ur mates etc. Join Txt250.com for 1.50p/wk. T&C BOX139, LA32WU. 16 . Remove txtX or stop",1,1.0
FreeMsg:Feelin kinda lnly hope u like 2 keep me company! Jst got a cam moby wanna c my pic?Txt or reply DATE to 82242 Msg150p 2rcv Hlp 08712317606 stop to 82242,1,1.0
GENT! We are trying to contact you. Last weekends draw shows that you won a �1000 prize GUARANTEED. Call 09064012160. Claim Code K52. Valid 12hrs only. 150ppm,1,1.0
Get the official ENGLAND poly ringtone or colour flag on yer mobile for tonights game! Text TONE or FLAG to 84199. Optout txt ENG STOP Box39822 W111WX �1.50,1,1.0
Get your garden ready for summer with a FREE selection of summer bulbs and seeds worth �33:50 only with The Scotsman this Saturday. To stop go2 notxt.co.uk,1,1.0
"Goal! Arsenal 4 (Henry, 7 v Liverpool 2 Henry scores with a simple shot from 6 yards from a pass by Bergkamp to give Arsenal a 2 goal margin after 78 mins.",1,0.0
Guess what! Somebody you know secretly fancies you! Wanna find out who it is? Give us a call on 09065394514 From Landline DATEBox1282EssexCM61XN 150p/min 18,1,1.0
HMV BONUS SPECIAL 500 pounds of genuine HMV vouchers to be won. Just answer 4 easy questions. Play Now! Send HMV to 86688 More info:www.100percent-real.com,1,1.0
"HOT LIVE FANTASIES call now 08707500020 Just 20p per min NTT Ltd, PO Box 1327 Croydon CR9 5WB 0870 is a national rate call",1,1.0
"HOT LIVE FANTASIES call now 08707509020 Just 20p per min NTT Ltd, PO Box 1327 Croydon CR9 5WB 0870 is a national rate call",1,1.0
"HOT LIVE FANTASIES call now 08707509020 Just 20p per min NTT Ltd, PO Box 1327 Croydon CR9 5WB 0870..k",1,1.0
"Had your mobile 10 mths? Update to the latest Camera/Video phones for FREE. KEEP UR SAME NUMBER, Get extra free mins/texts. Text YES for a call",1,1.0
Had your mobile 11 months or more? U R entitled to Update to the latest colour mobiles with camera for Free! Call The Mobile Update Co FREE on 08002986030,1,1.0
Had your mobile 11mths ? Update for FREE to Oranges latest colour camera mobiles & unlimited weekend calls. Call Mobile Upd8 on freefone 08000839402 or 2StopTxt,1,1.0
Hard LIVE 121 chat just 60p/min. Choose your girl and connect LIVE. Call 09094646899 now! Cheap Chat UK's biggest live service. VU BCM1896WC1N3XX,1,1.0
"Hey Boys. Want hot XXX pics sent direct 2 ur phone? Txt PORN to 69855, 24Hrs free and then just 50p per day. To stop text STOPBCM SF WC1N3XX",1,1.0
Hey I am really horny want to chat or see me naked text hot to 69698 text charged at 150pm to unsubscribe text stop 69698,1,1.0
"Hottest pics straight to your phone!! See me getting Wet and Wanting, just for you xx Text PICS to 89555 now! txt costs 150p textoperator g696ga 18 XxX",1,0.0
I'd like to tell you my deepest darkest fantasies. Call me 09094646631 just 60p/min. To stop texts call 08712460324 (nat rate),1,0.0
"If you don't, your prize will go to another customer. T&C at www.t-c.biz 18+ 150p/min Polo Ltd Suite 373 London W1J 6HL Please call back if busy",1,1.0
Jamster! To get your free wallpaper text HEART to 88888 now! T&C apply. 16 only. Need Help? Call 08701213186.,1,1.0
"January Male Sale! Hot Gay chat now cheaper, call 08709222922. National rate from 1.5p/min cheap to 7.8p/min peak! To stop texts call 08712460324 (10p/min)",1,1.0
Knock Knock Txt whose there to 80082 to enter r weekly draw 4 a �250 gift voucher 4 a store of yr choice. T&Cs www.tkls.com age16 to stoptxtstop�1.50/week,1,1.0
Last chance 2 claim ur �150 worth of discount vouchers-Text YES to 85023 now!SavaMob-member offers mobile T Cs 08717898035. �3.00 Sub. 16 . Remove txt X or STOP,1,1.0
"Latest News! Police station toilet stolen, cops have nothing to go on!",1,1.0
"Loan for any purpose �500 - �75,000. Homeowners + Tenants welcome. Have you been previously refused? We can still help. Call Free 0800 1956669 or text back 'help'",1,1.0
"Loan for any purpose �500 - �75,000. Homeowners + Tenants welcome. Have you been previously refused? We can still help. Call Free 0800 1956669 or text back 'help'",1,1.0
Message Important information for O2 user. Today is your lucky day! 2 find out why log onto http://www.urawinner.com there is a fantastic surprise awaiting you,1,1.0
Missed call alert. These numbers called but left no message. 07008009200,1,1.0
More people are dogging in your area now. Call 09090204448 and join like minded guys. Why not arrange 1 yourself. There's 1 this evening. A�1.50 minAPN LS278BB,1,0.0
No 1 POLYPHONIC tone 4 ur mob every week! Just txt PT2 to 87575. 1st Tone FREE ! so get txtin now and tell ur friends. 150p/tone. 16 reply HL 4info,1,1.0
PRIVATE! Your 2003 Account Statement for 078,1,1.0
PRIVATE! Your 2003 Account Statement for shows 800 un-redeemed S. I. M. points. Call 08715203694 Identifier Code: 40533 Expires 31/10/04,1,1.0
PRIVATE! Your 2004 Account Statement for 07742676969 shows 786 unredeemed Bonus Points. To claim call 08719180248 Identifier Code: 45239 Expires,1,1.0
Please CALL 08712402902 immediately as there is an urgent message waiting for you.,1,1.0
RT-KIng Pro Video Club>> Need help? info@ringtoneking.co.uk or call 08701237397 You must be 16+ Club credits redeemable at www.ringtoneking.co.uk! Enjoy!,1,1.0
Refused a loan? Secured or Unsecured? Can't get credit? Call free now 0800 195 6669 or text back 'help' & we will!,1,1.0
"Rock yr chik. Get 100's of filthy films &XXX pics on yr phone now. rply FILTH to 69669. Saristar Ltd, E14 9YT 08701752560. 450p per 5 days. Stop2 cancel",1,1.0
"SIX chances to win CASH! From 100 to 20,000 pounds txt> CSH11 and send to 87575. Cost 150p/day, 6days, 16+ TsandCs apply Reply HL 4 info",1,1.0
"SMS SERVICES. for your inclusive text credits, pls goto www.comuk.net login= ***** unsubscribe with STOP. no extra charge. help:08700469649. PO BOX420. IP4 5WE",1,1.0
"SMS. ac Blind Date 4U!: Rodds1 is 21/m from Aberdeen, United Kingdom. Check Him out http://img. sms. ac/W/icmb3cktz8r7!-4 no Blind Dates send HIDE",1,0.0
"SMS. ac sun0819 posts HELLO:\\You seem cool\" wanted to say hi. HI!!!\"\" Stop? Send STOP to 62468\"\"\"",1,1.0
"SMSSERVICES. for yourinclusive text credits, pls goto www.comuk.net login= 3qxj9 unsubscribe with STOP, no extra charge. help 08702840625.COMUK. 220-CM2 9AE",1,1.0
Santa Calling! Would your little ones like a call from Santa Xmas eve? Call 09058094583 to book your time.,1,0.0
Sexy Singles are waiting for you! Text your AGE followed by your GENDER as wither M or F E.G.23F. For gay men text your AGE followed by a G. e.g.23G.,1,1.0
"Shop till u Drop, IS IT YOU, either 10K, 5K, �500 Cash or �100 Travel voucher, Call now, 09064011000. NTT PO Box CR01327BT fixedline Cost 150ppm mobile vary",1,1.0
Someonone you know is trying to contact you via our dating service! To find out who it could be call from your mobile or landline 09064015307 BOX334SK38ch,1,1.0
SplashMobile: Choose from 1000s of gr8 tones each wk! This is a subscrition service with weekly tones costing 300p. U have one credit - kick back and ENJOY,1,1.0
"This is the 2nd attempt to contract U, you have won this weeks top prize of either �1000 cash or �200 prize. Just call 09066361921",1,1.0
"This is the 2nd time we have tried 2 contact u. U have won the 750 Pound prize. 2 claim is easy, call 08712101358 NOW! Only 10p per min. BT-national-rate",1,1.0
"This is the 2nd time we have tried 2 contact u. U have won the 750 Pound prize. 2 claim is easy, call 08718726970 NOW! Only 10p per min. BT-national-rate",1,1.0
Todays Vodafone numbers ending with 4882 are selected to a receive a �350 award. If your number matches call 09064019014 to receive your �350 award.,1,1.0
Tone Club: Your subs has now expired 2 re-sub reply MONOC 4 monos or POLYC 4 polys 1 weekly @ 150p per week Txt STOP 2 stop This msg free Stream 0871212025016,1,1.0
"Twinks, bears, scallies, skins and jocks are calling now. Don't miss the weekend's fun. Call 08712466669 at 10p/min. 2 stop texts call 08712460324(nat rate)",1,1.0
"U can WIN �100 of Music Gift Vouchers every week starting NOW Txt the word DRAW to 87066 TsCs www.ldew.com SkillGame,1Winaweek, age16.150ppermessSubscription",1,1.0
URGENT! We are trying to contact U. Todays draw shows that you have won a �800 prize GUARANTEED. Call 09050003091 from land line. Claim C52. Valid 12hrs only,1,1.0
URGENT! We are trying to contact U. Todays draw shows that you have won a �800 prize GUARANTEED. Call 09050003091 from land line. Claim C52. Valid12hrs only,1,1.0
URGENT! We are trying to contact you. Last weekends draw shows that you have won a �900 prize GUARANTEED. Call 09061701851. Claim code K61. Valid 12hours only,1,1.0
URGENT! Your Mobile number has been awarded with a �2000 Bonus Caller Prize. Call 09058095201 from land line. Valid 12hrs only,1,1.0
URGENT! Your Mobile number has been awarded with a �2000 prize GUARANTEED. Call 09061790121 from land line. Claim 3030. Valid 12hrs only 150ppm,1,1.0
"URGENT! Your mobile No *********** WON a �2,000 Bonus Caller Prize on 02/06/03! This is the 2nd attempt to reach YOU! Call 09066362220 ASAP! BOX97N7QP, 150ppm",1,1.0
"URGENT! Your mobile No 077xxx WON a �2,000 Bonus Caller Prize on 02/06/03! This is the 2nd attempt to reach YOU! Call 09066362206 ASAP! BOX97N7QP, 150ppm",1,1.0
"URGENT! Your mobile was awarded a �1,500 Bonus Caller Prize on 27/6/03. Our final attempt 2 contact U! Call 08714714011",1,1.0
"URGENT, IMPORTANT INFORMATION FOR O2 USER. TODAY IS YOUR LUCKY DAY! 2 FIND OUT WHY LOG ONTO HTTP://WWW.URAWINNER.COM THERE IS A FANTASTIC SURPRISE AWAITING FOR YOU",1,1.0
Update_Now - 12Mths Half Price Orange line rental: 400mins...Call MobileUpd8 on 08000839402 or call2optout=J5Q,1,1.0
Ur cash-balance is currently 500 pounds - to maximize ur cash-in now send COLLECT to 83600 only 150p/msg. CC: 08718720201 PO BOX 114/14 TCR/W1,1,1.0
Ur ringtone service has changed! 25 Free credits! Go to club4mobiles.com to choose content now! Stop? txt CLUB STOP to 87070. 150p/wk Club4 PO Box1146 MK45 2WT,1,1.0
Urgent! Please call 09061743811 from landline. Your ABTA complimentary 4* Tenerife Holiday or �5000 cash await collection SAE T&Cs Box 326 CW25WX 150ppm,1,1.0
"Urgent! Please call 09066612661 from your landline, your complimentary 4* Lux Costa Del Sol holiday or �1000 CASH await collection. ppm 150 SAE T&Cs James 28, EH74RR",1,1.0
"Urgent! call 09061749602 from Landline. Your complimentary 4* Tenerife Holiday or �10,000 cash await collection SAE T&Cs BOX 528 HP20 1YF 150ppm 18+",1,1.0
"Urgent! call 09066350750 from your landline. Your complimentary 4* Ibiza Holiday or 10,000 cash await collection SAE T&Cs PO BOX 434 SK3 8WP 150 ppm 18+",1,1.0
Valentines Day Special! Win over �1000 in our quiz and take your partner on the trip of a lifetime! Send GO to 83600 now. 150p/msg rcvd. CustCare:08718720201.,1,1.0
"WIN: We have a winner! Mr. T. Foley won an iPod! More exciting prizes soon, so keep an eye on ur mobile or visit www.win-82050.co.uk",1,1.0
Warner Village 83118 C Colin Farrell in SWAT this wkend @Warner Village & get 1 free med. Popcorn!Just show msg+ticket@kiosk.Valid 4-7/12. C t&c @kiosk. Reply SONY 4 mre film offers,1,0.0
We tried to call you re your reply to our sms for a video mobile 750 mins UNLIMITED TEXT + free camcorder Reply of call 08000930705 Now,1,1.0
We tried to contact you re your reply to our offer of a Video Phone 750 anytime any network mins Half Price Line Rental Camcorder Reply or call 08000930705,1,1.0
"Win the newest ��Harry Potter and the Order of the Phoenix (Book 5) reply HARRY, answer 5 questions - chance to be the first among readers!",1,1.0
"Win the newest ���Harry Potter and the Order of the Phoenix (Book 5) reply HARRY, answer 5 questions - chance to be the first among readers!",1,1.0
Would you like to see my XXX pics they are so hot they were nearly banned in the uk!,1,0.0
XCLUSIVE@CLUBSAISAI 2MOROW 28/5 SOIREE SPECIALE ZOUK WITH NICHOLS FROM PARIS.FREE ROSES 2 ALL LADIES !!! info: 07946746291/07880867867,1,0.0
YOU ARE CHOSEN TO RECEIVE A �350 AWARD! Pls call claim number 09066364311 to collect your award which you are selected to receive as a valued mobile customer.,1,1.0
You are a winner U have been specially selected 2 receive �1000 cash or a 4* holiday (flights inc) speak to a live operator 2 claim 0871277810810,1,1.0
You are awarded a SiPix Digital Camera! call 09061221061 from landline. Delivery within 28days. T Cs Box177. M221BP. 2yr warranty. 150ppm. 16 . p p�3.99,1,1.0
"You are being contacted by our Dating Service by someone you know! To find out who it is, call from your mobile or landline 09064017305 PoBox75LDNS7",1,1.0
You are now unsubscribed all services. Get tons of sexy babes or hunks straight to your phone! go to http://gotbabes.co.uk. No subscriptions.,1,1.0
You have 1 new message. Please call 08718738034.,1,0.0
You have 1 new voicemail. Please call 08719181513.,1,1.0
You have 1 new voicemail. Please call 08719181513.,1,1.0
You have WON a guaranteed �1000 cash or a �2000 prize. To claim yr prize call our customer service representative on 08714712394 between 10am-7pm,1,1.0
You have WON a guaranteed �1000 cash or a �2000 prize. To claim yr prize call our customer service representative on 08714712412 between 10am-7pm Cost 10p,1,1.0
You have WON a guaranteed �1000 cash or a �2000 prize.To claim yr prize call our customer service representative on,1,1.0
You have an important customer service announcement from PREMIER. Call FREEPHONE 0800 542 0578 now!,1,1.0
"You have been selected to stay in 1 of 250 top British hotels - FOR NOTHING! Holiday Worth �350! To Claim, Call London 02072069400. Bx 526, SW73SS",1,1.0
You have won a Nokia 7250i. This is what you get when you win our FREE auction. To take part send Nokia to 86021 now. HG/Suite342/2Lands Row/W1JHL 16+,1,1.0
You have won a guaranteed �200 award or even �1000 cashto claim UR award call free on 08000407165 (18+) 2 stop getstop on 88222 PHP. RG21 4JX,1,1.0
"\\For the most sparkling shopping breaks from 45 per person; call 0121 2025050 or visit www.shortbreaks.org.uk\"\"\"\"",1,1.0
"complimentary 4 STAR Ibiza Holiday or �10,000 cash needs your URGENT collection. 09066364349 NOW from Landline not to lose out! Box434SK38WP150PPM18+",1,1.0
dating:i have had two of these. Only started after i sent a text to talk sport radio last week. Any connection do you think or coincidence?,1,0.0
sexy sexy cum and text me im wet and warm and ready for some porn! u up for some fun? THIS MSG IS FREE RECD MSGS 150P INC VAT 2 CANCEL TEXT STOP,1,0.0
